train_def_0.jpeg, def
train_def_1.jpeg, def
train_def_2.jpeg, def
train_def_3.jpeg, def
train_def_4.jpeg, def
train_def_5.jpeg, def
train_def_6.jpeg, def
train_def_7.jpeg, def
train_def_8.jpeg, def
train_def_9.jpeg, def
train_def_10.jpeg, def
train_def_11.jpeg, def
train_def_12.jpeg, def
train_def_13.jpeg, def
train_def_14.jpeg, def
train_def_15.jpeg, def
train_def_16.jpeg, def
train_def_17.jpeg, def
train_def_18.jpeg, def
train_def_19.jpeg, def
train_def_20.jpeg, def
train_def_21.jpeg, def
train_def_22.jpeg, def
train_def_23.jpeg, def
train_def_24.jpeg, def
train_def_25.jpeg, def
train_def_26.jpeg, def
train_def_27.jpeg, def
train_def_28.jpeg, def
train_def_29.jpeg, def
train_def_30.jpeg, def
train_def_31.jpeg, def
train_def_32.jpeg, def
train_def_33.jpeg, def
train_def_34.jpeg, def
train_def_35.jpeg, def
train_def_36.jpeg, def
train_def_37.jpeg, def
train_def_38.jpeg, def
train_def_39.jpeg, def
train_def_40.jpeg, def
train_def_41.jpeg, def
train_def_42.jpeg, def
train_def_43.jpeg, def
train_def_44.jpeg, def
train_def_45.jpeg, def
train_def_46.jpeg, def
train_def_47.jpeg, def
train_def_48.jpeg, def
train_def_49.jpeg, def
train_def_50.jpeg, def
train_def_51.jpeg, def
train_def_52.jpeg, def
train_def_53.jpeg, def
train_def_54.jpeg, def
train_def_55.jpeg, def
train_def_56.jpeg, def
train_def_57.jpeg, def
train_def_58.jpeg, def
train_def_59.jpeg, def
train_def_60.jpeg, def
train_def_61.jpeg, def
train_def_62.jpeg, def
train_def_63.jpeg, def
train_def_64.jpeg, def
train_def_65.jpeg, def
train_def_66.jpeg, def
train_def_67.jpeg, def
train_def_68.jpeg, def
train_def_69.jpeg, def
train_def_70.jpeg, def
train_def_71.jpeg, def
train_def_72.jpeg, def
train_def_73.jpeg, def
train_def_74.jpeg, def
train_def_75.jpeg, def
train_def_76.jpeg, def
train_def_77.jpeg, def
train_def_78.jpeg, def
train_def_79.jpeg, def
train_def_80.jpeg, def
train_def_81.jpeg, def
train_def_82.jpeg, def
train_def_83.jpeg, def
train_def_84.jpeg, def
train_def_85.jpeg, def
train_def_86.jpeg, def
train_def_87.jpeg, def
train_def_88.jpeg, def
train_def_89.jpeg, def
train_def_90.jpeg, def
train_def_91.jpeg, def
train_def_92.jpeg, def
train_def_93.jpeg, def
train_def_94.jpeg, def
train_def_95.jpeg, def
train_def_96.jpeg, def
train_def_97.jpeg, def
train_def_98.jpeg, def
train_def_99.jpeg, def
train_def_100.jpeg, def
train_def_101.jpeg, def
train_def_102.jpeg, def
train_def_103.jpeg, def
train_def_104.jpeg, def
train_def_105.jpeg, def
train_def_106.jpeg, def
train_def_107.jpeg, def
train_def_108.jpeg, def
train_def_109.jpeg, def
train_def_110.jpeg, def
train_def_111.jpeg, def
train_def_112.jpeg, def
train_def_113.jpeg, def
train_def_114.jpeg, def
train_def_115.jpeg, def
train_def_116.jpeg, def
train_def_117.jpeg, def
train_def_118.jpeg, def
train_def_119.jpeg, def
train_def_120.jpeg, def
train_def_121.jpeg, def
train_def_122.jpeg, def
train_def_123.jpeg, def
train_def_124.jpeg, def
train_def_125.jpeg, def
train_def_126.jpeg, def
train_def_127.jpeg, def
train_def_128.jpeg, def
train_def_129.jpeg, def
train_def_130.jpeg, def
train_def_131.jpeg, def
train_def_132.jpeg, def
train_def_133.jpeg, def
train_def_134.jpeg, def
train_def_135.jpeg, def
train_def_136.jpeg, def
train_def_137.jpeg, def
train_def_138.jpeg, def
train_def_139.jpeg, def
train_def_140.jpeg, def
train_def_141.jpeg, def
train_def_142.jpeg, def
train_def_143.jpeg, def
train_def_144.jpeg, def
train_def_145.jpeg, def
train_def_146.jpeg, def
train_def_147.jpeg, def
train_def_148.jpeg, def
train_def_149.jpeg, def
train_def_150.jpeg, def
train_def_151.jpeg, def
train_def_152.jpeg, def
train_def_153.jpeg, def
train_def_154.jpeg, def
train_def_155.jpeg, def
train_def_156.jpeg, def
train_def_157.jpeg, def
train_def_158.jpeg, def
train_def_159.jpeg, def
train_def_160.jpeg, def
train_def_161.jpeg, def
train_def_162.jpeg, def
train_def_163.jpeg, def
train_def_164.jpeg, def
train_def_165.jpeg, def
train_def_166.jpeg, def
train_def_167.jpeg, def
train_def_168.jpeg, def
train_def_169.jpeg, def
train_def_170.jpeg, def
train_def_171.jpeg, def
train_def_172.jpeg, def
train_def_173.jpeg, def
train_def_174.jpeg, def
train_def_175.jpeg, def
train_def_176.jpeg, def
train_def_177.jpeg, def
train_def_178.jpeg, def
train_def_179.jpeg, def
train_def_180.jpeg, def
train_def_181.jpeg, def
train_def_182.jpeg, def
train_def_183.jpeg, def
train_def_184.jpeg, def
train_def_185.jpeg, def
train_def_186.jpeg, def
train_def_187.jpeg, def
train_def_188.jpeg, def
train_def_189.jpeg, def
train_def_190.jpeg, def
train_def_191.jpeg, def
train_def_192.jpeg, def
train_def_193.jpeg, def
train_def_194.jpeg, def
train_def_195.jpeg, def
train_def_196.jpeg, def
train_def_197.jpeg, def
train_def_198.jpeg, def
train_def_199.jpeg, def
train_def_200.jpeg, def
train_def_201.jpeg, def
train_def_202.jpeg, def
train_def_203.jpeg, def
train_def_204.jpeg, def
train_def_205.jpeg, def
train_def_206.jpeg, def
train_def_207.jpeg, def
train_def_208.jpeg, def
train_def_209.jpeg, def
train_def_210.jpeg, def
train_def_211.jpeg, def
train_def_212.jpeg, def
train_def_213.jpeg, def
train_def_214.jpeg, def
train_def_215.jpeg, def
train_def_216.jpeg, def
train_def_217.jpeg, def
train_def_218.jpeg, def
train_def_219.jpeg, def
train_def_220.jpeg, def
train_def_221.jpeg, def
train_def_222.jpeg, def
train_def_223.jpeg, def
train_def_224.jpeg, def
train_def_225.jpeg, def
train_def_226.jpeg, def
train_def_227.jpeg, def
train_def_228.jpeg, def
train_def_229.jpeg, def
train_def_230.jpeg, def
train_def_231.jpeg, def
train_def_232.jpeg, def
train_def_233.jpeg, def
train_def_234.jpeg, def
train_def_235.jpeg, def
train_def_236.jpeg, def
train_def_237.jpeg, def
train_def_238.jpeg, def
train_def_239.jpeg, def
train_def_240.jpeg, def
train_def_241.jpeg, def
train_def_242.jpeg, def
train_def_243.jpeg, def
train_def_244.jpeg, def
train_def_245.jpeg, def
train_def_246.jpeg, def
train_def_247.jpeg, def
train_def_248.jpeg, def
train_def_249.jpeg, def
train_def_250.jpeg, def
train_def_251.jpeg, def
train_def_252.jpeg, def
train_def_253.jpeg, def
train_def_254.jpeg, def
train_def_255.jpeg, def
train_def_256.jpeg, def
train_def_257.jpeg, def
train_def_258.jpeg, def
train_def_259.jpeg, def
train_def_260.jpeg, def
train_def_261.jpeg, def
train_def_262.jpeg, def
train_def_263.jpeg, def
train_def_264.jpeg, def
train_def_265.jpeg, def
train_def_266.jpeg, def
train_def_267.jpeg, def
train_def_268.jpeg, def
train_def_269.jpeg, def
train_def_270.jpeg, def
train_def_271.jpeg, def
train_def_272.jpeg, def
train_def_273.jpeg, def
train_def_274.jpeg, def
train_def_275.jpeg, def
train_def_276.jpeg, def
train_def_277.jpeg, def
train_def_278.jpeg, def
train_def_279.jpeg, def
train_def_280.jpeg, def
train_def_281.jpeg, def
train_def_282.jpeg, def
train_def_283.jpeg, def
train_def_284.jpeg, def
train_def_285.jpeg, def
train_def_286.jpeg, def
train_def_287.jpeg, def
train_def_288.jpeg, def
train_def_289.jpeg, def
train_def_290.jpeg, def
train_def_291.jpeg, def
train_def_292.jpeg, def
train_def_293.jpeg, def
train_def_294.jpeg, def
train_def_295.jpeg, def
train_def_296.jpeg, def
train_def_297.jpeg, def
train_def_298.jpeg, def
train_def_299.jpeg, def
train_def_300.jpeg, def
train_def_301.jpeg, def
train_def_302.jpeg, def
train_def_303.jpeg, def
train_def_304.jpeg, def
train_def_305.jpeg, def
train_def_306.jpeg, def
train_def_307.jpeg, def
train_def_308.jpeg, def
train_def_309.jpeg, def
train_def_310.jpeg, def
train_def_311.jpeg, def
train_def_312.jpeg, def
train_def_313.jpeg, def
train_def_314.jpeg, def
train_def_315.jpeg, def
train_def_316.jpeg, def
train_def_317.jpeg, def
train_def_318.jpeg, def
train_def_319.jpeg, def
train_def_320.jpeg, def
train_def_321.jpeg, def
train_def_322.jpeg, def
train_def_323.jpeg, def
train_def_324.jpeg, def
train_def_325.jpeg, def
train_def_326.jpeg, def
train_def_327.jpeg, def
train_def_328.jpeg, def
train_def_329.jpeg, def
train_def_330.jpeg, def
train_def_331.jpeg, def
train_def_332.jpeg, def
train_def_333.jpeg, def
train_def_334.jpeg, def
train_def_335.jpeg, def
train_def_336.jpeg, def
train_def_337.jpeg, def
train_def_338.jpeg, def
train_def_339.jpeg, def
train_def_340.jpeg, def
train_def_341.jpeg, def
train_def_342.jpeg, def
train_def_343.jpeg, def
train_def_344.jpeg, def
train_def_345.jpeg, def
train_def_346.jpeg, def
train_def_347.jpeg, def
train_def_348.jpeg, def
train_def_349.jpeg, def
train_def_350.jpeg, def
train_def_351.jpeg, def
train_def_352.jpeg, def
train_def_353.jpeg, def
train_def_354.jpeg, def
train_def_355.jpeg, def
train_def_356.jpeg, def
train_def_357.jpeg, def
train_def_358.jpeg, def
train_def_359.jpeg, def
train_def_360.jpeg, def
train_def_361.jpeg, def
train_def_362.jpeg, def
train_def_363.jpeg, def
train_def_364.jpeg, def
train_def_365.jpeg, def
train_def_366.jpeg, def
train_def_367.jpeg, def
train_def_368.jpeg, def
train_def_369.jpeg, def
train_def_370.jpeg, def
train_def_371.jpeg, def
train_def_372.jpeg, def
train_def_373.jpeg, def
train_def_374.jpeg, def
train_def_375.jpeg, def
train_def_376.jpeg, def
train_def_377.jpeg, def
train_def_378.jpeg, def
train_def_379.jpeg, def
train_def_380.jpeg, def
train_def_381.jpeg, def
train_def_382.jpeg, def
train_def_383.jpeg, def
train_def_384.jpeg, def
train_def_385.jpeg, def
train_def_386.jpeg, def
train_def_387.jpeg, def
train_def_388.jpeg, def
train_def_389.jpeg, def
train_def_390.jpeg, def
train_def_391.jpeg, def
train_def_392.jpeg, def
train_def_393.jpeg, def
train_def_394.jpeg, def
train_def_395.jpeg, def
train_def_396.jpeg, def
train_def_397.jpeg, def
train_def_398.jpeg, def
train_def_399.jpeg, def
train_def_400.jpeg, def
train_def_401.jpeg, def
train_def_402.jpeg, def
train_def_403.jpeg, def
train_def_404.jpeg, def
train_def_405.jpeg, def
train_def_406.jpeg, def
train_def_407.jpeg, def
train_def_408.jpeg, def
train_def_409.jpeg, def
train_def_410.jpeg, def
train_def_411.jpeg, def
train_def_412.jpeg, def
train_def_413.jpeg, def
train_def_414.jpeg, def
train_def_415.jpeg, def
train_def_416.jpeg, def
train_def_417.jpeg, def
train_def_418.jpeg, def
train_def_419.jpeg, def
train_def_420.jpeg, def
train_def_421.jpeg, def
train_def_422.jpeg, def
train_def_423.jpeg, def
train_def_424.jpeg, def
train_def_425.jpeg, def
train_def_426.jpeg, def
train_def_427.jpeg, def
train_def_428.jpeg, def
train_def_429.jpeg, def
train_def_430.jpeg, def
train_def_431.jpeg, def
train_def_432.jpeg, def
train_def_433.jpeg, def
train_def_434.jpeg, def
train_def_435.jpeg, def
train_def_436.jpeg, def
train_def_437.jpeg, def
train_def_438.jpeg, def
train_def_439.jpeg, def
train_def_440.jpeg, def
train_def_441.jpeg, def
train_def_442.jpeg, def
train_def_443.jpeg, def
train_def_444.jpeg, def
train_def_445.jpeg, def
train_def_446.jpeg, def
train_def_447.jpeg, def
train_def_448.jpeg, def
train_def_449.jpeg, def
train_def_450.jpeg, def
train_def_451.jpeg, def
train_def_452.jpeg, def
train_def_453.jpeg, def
train_def_454.jpeg, def
train_def_455.jpeg, def
train_def_456.jpeg, def
train_def_457.jpeg, def
train_def_458.jpeg, def
train_def_459.jpeg, def
train_def_460.jpeg, def
train_def_461.jpeg, def
train_def_462.jpeg, def
train_def_463.jpeg, def
train_def_464.jpeg, def
train_def_465.jpeg, def
train_def_466.jpeg, def
train_def_467.jpeg, def
train_def_468.jpeg, def
train_def_469.jpeg, def
train_def_470.jpeg, def
train_def_471.jpeg, def
train_def_472.jpeg, def
train_def_473.jpeg, def
train_def_474.jpeg, def
train_def_475.jpeg, def
train_def_476.jpeg, def
train_def_477.jpeg, def
train_def_478.jpeg, def
train_def_479.jpeg, def
train_def_480.jpeg, def
train_def_481.jpeg, def
train_def_482.jpeg, def
train_def_483.jpeg, def
train_def_484.jpeg, def
train_def_485.jpeg, def
train_def_486.jpeg, def
train_def_487.jpeg, def
train_def_488.jpeg, def
train_def_489.jpeg, def
train_def_490.jpeg, def
train_def_491.jpeg, def
train_def_492.jpeg, def
train_def_493.jpeg, def
train_def_494.jpeg, def
train_def_495.jpeg, def
train_def_496.jpeg, def
train_def_497.jpeg, def
train_def_498.jpeg, def
train_def_499.jpeg, def
train_def_500.jpeg, def
train_def_501.jpeg, def
train_def_502.jpeg, def
train_def_503.jpeg, def
train_def_504.jpeg, def
train_def_505.jpeg, def
train_def_506.jpeg, def
train_def_507.jpeg, def
train_def_508.jpeg, def
train_def_509.jpeg, def
train_def_510.jpeg, def
train_def_511.jpeg, def
train_def_512.jpeg, def
train_def_513.jpeg, def
train_def_514.jpeg, def
train_def_515.jpeg, def
train_def_516.jpeg, def
train_def_517.jpeg, def
train_def_518.jpeg, def
train_def_519.jpeg, def
train_def_520.jpeg, def
train_def_521.jpeg, def
train_def_522.jpeg, def
train_def_523.jpeg, def
train_def_524.jpeg, def
train_def_525.jpeg, def
train_def_526.jpeg, def
train_def_527.jpeg, def
train_def_528.jpeg, def
train_def_529.jpeg, def
train_def_530.jpeg, def
train_def_531.jpeg, def
train_def_532.jpeg, def
train_def_533.jpeg, def
train_def_534.jpeg, def
train_def_535.jpeg, def
train_def_536.jpeg, def
train_def_537.jpeg, def
train_def_538.jpeg, def
train_def_539.jpeg, def
train_def_540.jpeg, def
train_def_541.jpeg, def
train_def_542.jpeg, def
train_def_543.jpeg, def
train_def_544.jpeg, def
train_def_545.jpeg, def
train_def_546.jpeg, def
train_def_547.jpeg, def
train_def_548.jpeg, def
train_def_549.jpeg, def
train_def_550.jpeg, def
train_def_551.jpeg, def
train_def_552.jpeg, def
train_def_553.jpeg, def
train_def_554.jpeg, def
train_def_555.jpeg, def
train_def_556.jpeg, def
train_def_557.jpeg, def
train_def_558.jpeg, def
train_def_559.jpeg, def
train_def_560.jpeg, def
train_def_561.jpeg, def
train_def_562.jpeg, def
train_def_563.jpeg, def
train_def_564.jpeg, def
train_def_565.jpeg, def
train_def_566.jpeg, def
train_def_567.jpeg, def
train_def_568.jpeg, def
train_def_569.jpeg, def
train_def_570.jpeg, def
train_def_571.jpeg, def
train_def_572.jpeg, def
train_def_573.jpeg, def
train_def_574.jpeg, def
train_def_575.jpeg, def
train_def_576.jpeg, def
train_def_577.jpeg, def
train_def_578.jpeg, def
train_def_579.jpeg, def
train_def_580.jpeg, def
train_def_581.jpeg, def
train_def_582.jpeg, def
train_def_583.jpeg, def
train_def_584.jpeg, def
train_def_585.jpeg, def
train_def_586.jpeg, def
train_def_587.jpeg, def
train_def_588.jpeg, def
train_def_589.jpeg, def
train_def_590.jpeg, def
train_def_591.jpeg, def
train_def_592.jpeg, def
train_def_593.jpeg, def
train_def_594.jpeg, def
train_def_595.jpeg, def
train_def_596.jpeg, def
train_def_597.jpeg, def
train_def_598.jpeg, def
train_def_599.jpeg, def
train_def_600.jpeg, def
train_def_601.jpeg, def
train_def_602.jpeg, def
train_def_603.jpeg, def
train_def_604.jpeg, def
train_def_605.jpeg, def
train_def_606.jpeg, def
train_def_607.jpeg, def
train_def_608.jpeg, def
train_def_609.jpeg, def
train_def_610.jpeg, def
train_def_611.jpeg, def
train_def_612.jpeg, def
train_def_613.jpeg, def
train_def_614.jpeg, def
train_def_615.jpeg, def
train_def_616.jpeg, def
train_def_617.jpeg, def
train_def_618.jpeg, def
train_def_619.jpeg, def
train_def_620.jpeg, def
train_def_621.jpeg, def
train_def_622.jpeg, def
train_def_623.jpeg, def
train_def_624.jpeg, def
train_def_625.jpeg, def
train_def_626.jpeg, def
train_def_627.jpeg, def
train_def_628.jpeg, def
train_def_629.jpeg, def
train_def_630.jpeg, def
train_def_631.jpeg, def
train_def_632.jpeg, def
train_def_633.jpeg, def
train_def_634.jpeg, def
train_def_635.jpeg, def
train_def_636.jpeg, def
train_def_637.jpeg, def
train_def_638.jpeg, def
train_def_639.jpeg, def
train_def_640.jpeg, def
train_def_641.jpeg, def
train_def_642.jpeg, def
train_def_643.jpeg, def
train_def_644.jpeg, def
train_def_645.jpeg, def
train_def_646.jpeg, def
train_def_647.jpeg, def
train_def_648.jpeg, def
train_def_649.jpeg, def
train_def_650.jpeg, def
train_def_651.jpeg, def
train_def_652.jpeg, def
train_def_653.jpeg, def
train_def_654.jpeg, def
train_def_655.jpeg, def
train_def_656.jpeg, def
train_def_657.jpeg, def
train_def_658.jpeg, def
train_def_659.jpeg, def
train_def_660.jpeg, def
train_def_661.jpeg, def
train_def_662.jpeg, def
train_def_663.jpeg, def
train_def_664.jpeg, def
train_def_665.jpeg, def
train_def_666.jpeg, def
train_def_667.jpeg, def
train_def_668.jpeg, def
train_def_669.jpeg, def
train_def_670.jpeg, def
train_def_671.jpeg, def
train_def_672.jpeg, def
train_def_673.jpeg, def
train_def_674.jpeg, def
train_def_675.jpeg, def
train_def_676.jpeg, def
train_def_677.jpeg, def
train_def_678.jpeg, def
train_def_679.jpeg, def
train_def_680.jpeg, def
train_def_681.jpeg, def
train_def_682.jpeg, def
train_def_683.jpeg, def
train_def_684.jpeg, def
train_def_685.jpeg, def
train_def_686.jpeg, def
train_def_687.jpeg, def
train_def_688.jpeg, def
train_def_689.jpeg, def
train_def_690.jpeg, def
train_def_691.jpeg, def
train_def_692.jpeg, def
train_def_693.jpeg, def
train_def_694.jpeg, def
train_def_695.jpeg, def
train_def_696.jpeg, def
train_def_697.jpeg, def
train_def_698.jpeg, def
train_def_699.jpeg, def
train_def_700.jpeg, def
train_def_701.jpeg, def
train_def_702.jpeg, def
train_def_703.jpeg, def
train_def_704.jpeg, def
train_def_705.jpeg, def
train_def_706.jpeg, def
train_def_707.jpeg, def
train_def_708.jpeg, def
train_def_709.jpeg, def
train_def_710.jpeg, def
train_def_711.jpeg, def
train_def_712.jpeg, def
train_def_713.jpeg, def
train_def_714.jpeg, def
train_def_715.jpeg, def
train_def_716.jpeg, def
train_def_717.jpeg, def
train_def_718.jpeg, def
train_def_719.jpeg, def
train_def_720.jpeg, def
train_def_721.jpeg, def
train_def_722.jpeg, def
train_def_723.jpeg, def
train_def_724.jpeg, def
train_def_725.jpeg, def
train_def_726.jpeg, def
train_def_727.jpeg, def
train_def_728.jpeg, def
train_def_729.jpeg, def
train_def_730.jpeg, def
train_def_731.jpeg, def
train_def_732.jpeg, def
train_def_733.jpeg, def
train_def_734.jpeg, def
train_def_735.jpeg, def
train_def_736.jpeg, def
train_def_737.jpeg, def
train_def_738.jpeg, def
train_def_739.jpeg, def
train_def_740.jpeg, def
train_def_741.jpeg, def
train_def_742.jpeg, def
train_def_743.jpeg, def
train_def_744.jpeg, def
train_def_745.jpeg, def
train_def_746.jpeg, def
train_def_747.jpeg, def
train_def_748.jpeg, def
train_def_749.jpeg, def
train_def_750.jpeg, def
train_def_751.jpeg, def
train_def_752.jpeg, def
train_def_753.jpeg, def
train_def_754.jpeg, def
train_def_755.jpeg, def
train_def_756.jpeg, def
train_def_757.jpeg, def
train_def_758.jpeg, def
train_def_759.jpeg, def
train_def_760.jpeg, def
train_def_761.jpeg, def
train_def_762.jpeg, def
train_def_763.jpeg, def
train_def_764.jpeg, def
train_def_765.jpeg, def
train_def_766.jpeg, def
train_def_767.jpeg, def
train_def_768.jpeg, def
train_def_769.jpeg, def
train_def_770.jpeg, def
train_def_771.jpeg, def
train_def_772.jpeg, def
train_def_773.jpeg, def
train_def_774.jpeg, def
train_def_775.jpeg, def
train_def_776.jpeg, def
train_def_777.jpeg, def
train_def_778.jpeg, def
train_def_779.jpeg, def
train_def_780.jpeg, def
train_def_781.jpeg, def
train_def_782.jpeg, def
train_def_783.jpeg, def
train_def_784.jpeg, def
train_def_785.jpeg, def
train_def_786.jpeg, def
train_def_787.jpeg, def
train_def_788.jpeg, def
train_def_789.jpeg, def
train_def_790.jpeg, def
train_def_791.jpeg, def
train_def_792.jpeg, def
train_def_793.jpeg, def
train_def_794.jpeg, def
train_def_795.jpeg, def
train_def_796.jpeg, def
train_def_797.jpeg, def
train_def_798.jpeg, def
train_def_799.jpeg, def
train_def_800.jpeg, def
train_def_801.jpeg, def
train_def_802.jpeg, def
train_def_803.jpeg, def
train_def_804.jpeg, def
train_def_805.jpeg, def
train_def_806.jpeg, def
train_def_807.jpeg, def
train_def_808.jpeg, def
train_def_809.jpeg, def
train_def_810.jpeg, def
train_def_811.jpeg, def
train_def_812.jpeg, def
train_def_813.jpeg, def
train_def_814.jpeg, def
train_def_815.jpeg, def
train_def_816.jpeg, def
train_def_817.jpeg, def
train_def_818.jpeg, def
train_def_819.jpeg, def
train_def_820.jpeg, def
train_def_821.jpeg, def
train_def_822.jpeg, def
train_def_823.jpeg, def
train_def_824.jpeg, def
train_def_825.jpeg, def
train_def_826.jpeg, def
train_def_827.jpeg, def
train_def_828.jpeg, def
train_def_829.jpeg, def
train_def_830.jpeg, def
train_def_831.jpeg, def
train_def_832.jpeg, def
train_def_833.jpeg, def
train_def_834.jpeg, def
train_def_835.jpeg, def
train_def_836.jpeg, def
train_def_837.jpeg, def
train_def_838.jpeg, def
train_def_839.jpeg, def
train_def_840.jpeg, def
train_def_841.jpeg, def
train_def_842.jpeg, def
train_def_843.jpeg, def
train_def_844.jpeg, def
train_def_845.jpeg, def
train_def_846.jpeg, def
train_def_847.jpeg, def
train_def_848.jpeg, def
train_def_849.jpeg, def
train_def_850.jpeg, def
train_def_851.jpeg, def
train_def_852.jpeg, def
train_def_853.jpeg, def
train_def_854.jpeg, def
train_def_855.jpeg, def
train_def_856.jpeg, def
train_def_857.jpeg, def
train_def_858.jpeg, def
train_def_859.jpeg, def
train_def_860.jpeg, def
train_def_861.jpeg, def
train_def_862.jpeg, def
train_def_863.jpeg, def
train_def_864.jpeg, def
train_def_865.jpeg, def
train_def_866.jpeg, def
train_def_867.jpeg, def
train_def_868.jpeg, def
train_def_869.jpeg, def
train_def_870.jpeg, def
train_def_871.jpeg, def
train_def_872.jpeg, def
train_def_873.jpeg, def
train_def_874.jpeg, def
train_def_875.jpeg, def
train_def_876.jpeg, def
train_def_877.jpeg, def
train_def_878.jpeg, def
train_def_879.jpeg, def
train_def_880.jpeg, def
train_def_881.jpeg, def
train_def_882.jpeg, def
train_def_883.jpeg, def
train_def_884.jpeg, def
train_def_885.jpeg, def
train_def_886.jpeg, def
train_def_887.jpeg, def
train_def_888.jpeg, def
train_def_889.jpeg, def
train_def_890.jpeg, def
train_def_891.jpeg, def
train_def_892.jpeg, def
train_def_893.jpeg, def
train_def_894.jpeg, def
train_def_895.jpeg, def
train_def_896.jpeg, def
train_def_897.jpeg, def
train_def_898.jpeg, def
train_def_899.jpeg, def
train_def_900.jpeg, def
train_def_901.jpeg, def
train_def_902.jpeg, def
train_def_903.jpeg, def
train_def_904.jpeg, def
train_def_905.jpeg, def
train_def_906.jpeg, def
train_def_907.jpeg, def
train_def_908.jpeg, def
train_def_909.jpeg, def
train_def_910.jpeg, def
train_def_911.jpeg, def
train_def_912.jpeg, def
train_def_913.jpeg, def
train_def_914.jpeg, def
train_def_915.jpeg, def
train_def_916.jpeg, def
train_def_917.jpeg, def
train_def_918.jpeg, def
train_def_919.jpeg, def
train_def_920.jpeg, def
train_def_921.jpeg, def
train_def_922.jpeg, def
train_def_923.jpeg, def
train_def_924.jpeg, def
train_def_925.jpeg, def
train_def_926.jpeg, def
train_def_927.jpeg, def
train_def_928.jpeg, def
train_def_929.jpeg, def
train_def_930.jpeg, def
train_def_931.jpeg, def
train_def_932.jpeg, def
train_def_933.jpeg, def
train_def_934.jpeg, def
train_def_935.jpeg, def
train_def_936.jpeg, def
train_def_937.jpeg, def
train_def_938.jpeg, def
train_def_939.jpeg, def
train_def_940.jpeg, def
train_def_941.jpeg, def
train_def_942.jpeg, def
train_def_943.jpeg, def
train_def_944.jpeg, def
train_def_945.jpeg, def
train_def_946.jpeg, def
train_def_947.jpeg, def
train_def_948.jpeg, def
train_def_949.jpeg, def
train_def_950.jpeg, def
train_def_951.jpeg, def
train_def_952.jpeg, def
train_def_953.jpeg, def
train_def_954.jpeg, def
train_def_955.jpeg, def
train_def_956.jpeg, def
train_def_957.jpeg, def
train_def_958.jpeg, def
train_def_959.jpeg, def
train_def_960.jpeg, def
train_def_961.jpeg, def
train_def_962.jpeg, def
train_def_963.jpeg, def
train_def_964.jpeg, def
train_def_965.jpeg, def
train_def_966.jpeg, def
train_def_967.jpeg, def
train_def_968.jpeg, def
train_def_969.jpeg, def
train_def_970.jpeg, def
train_def_971.jpeg, def
train_def_972.jpeg, def
train_def_973.jpeg, def
train_def_974.jpeg, def
train_def_975.jpeg, def
train_def_976.jpeg, def
train_def_977.jpeg, def
train_def_978.jpeg, def
train_def_979.jpeg, def
train_def_980.jpeg, def
train_def_981.jpeg, def
train_def_982.jpeg, def
train_def_983.jpeg, def
train_def_984.jpeg, def
train_def_985.jpeg, def
train_def_986.jpeg, def
train_def_987.jpeg, def
train_def_988.jpeg, def
train_def_989.jpeg, def
train_def_990.jpeg, def
train_def_991.jpeg, def
train_def_992.jpeg, def
train_def_993.jpeg, def
train_def_994.jpeg, def
train_def_995.jpeg, def
train_def_996.jpeg, def
train_def_997.jpeg, def
train_def_998.jpeg, def
train_def_999.jpeg, def
train_def_1000.jpeg, def
train_def_1001.jpeg, def
train_def_1002.jpeg, def
train_def_1003.jpeg, def
train_def_1004.jpeg, def
train_def_1005.jpeg, def
train_def_1006.jpeg, def
train_def_1007.jpeg, def
train_def_1008.jpeg, def
train_def_1009.jpeg, def
train_def_1010.jpeg, def
train_def_1011.jpeg, def
train_def_1012.jpeg, def
train_def_1013.jpeg, def
train_def_1014.jpeg, def
train_def_1015.jpeg, def
train_def_1016.jpeg, def
train_def_1017.jpeg, def
train_def_1018.jpeg, def
train_def_1019.jpeg, def
train_def_1020.jpeg, def
train_def_1021.jpeg, def
train_def_1022.jpeg, def
train_def_1023.jpeg, def
train_def_1024.jpeg, def
train_def_1025.jpeg, def
train_def_1026.jpeg, def
train_def_1027.jpeg, def
train_def_1028.jpeg, def
train_def_1029.jpeg, def
train_def_1030.jpeg, def
train_def_1031.jpeg, def
train_def_1032.jpeg, def
train_def_1033.jpeg, def
train_def_1034.jpeg, def
train_def_1035.jpeg, def
train_def_1036.jpeg, def
train_def_1037.jpeg, def
train_def_1038.jpeg, def
train_def_1039.jpeg, def
train_def_1040.jpeg, def
train_def_1041.jpeg, def
train_def_1042.jpeg, def
train_def_1043.jpeg, def
train_def_1044.jpeg, def
train_def_1045.jpeg, def
train_def_1046.jpeg, def
train_def_1047.jpeg, def
train_def_1048.jpeg, def
train_def_1049.jpeg, def
train_def_1050.jpeg, def
train_def_1051.jpeg, def
train_def_1052.jpeg, def
train_def_1053.jpeg, def
train_def_1054.jpeg, def
train_def_1055.jpeg, def
train_def_1056.jpeg, def
train_def_1057.jpeg, def
train_def_1058.jpeg, def
train_def_1059.jpeg, def
train_def_1060.jpeg, def
train_def_1061.jpeg, def
train_def_1062.jpeg, def
train_def_1063.jpeg, def
train_def_1064.jpeg, def
train_def_1065.jpeg, def
train_def_1066.jpeg, def
train_def_1067.jpeg, def
train_def_1068.jpeg, def
train_def_1069.jpeg, def
train_def_1070.jpeg, def
train_def_1071.jpeg, def
train_def_1072.jpeg, def
train_def_1073.jpeg, def
train_def_1074.jpeg, def
train_def_1075.jpeg, def
train_def_1076.jpeg, def
train_def_1077.jpeg, def
train_def_1078.jpeg, def
train_def_1079.jpeg, def
train_def_1080.jpeg, def
train_def_1081.jpeg, def
train_def_1082.jpeg, def
train_def_1083.jpeg, def
train_def_1084.jpeg, def
train_def_1085.jpeg, def
train_def_1086.jpeg, def
train_def_1087.jpeg, def
train_def_1088.jpeg, def
train_def_1089.jpeg, def
train_def_1090.jpeg, def
train_def_1091.jpeg, def
train_def_1092.jpeg, def
train_def_1093.jpeg, def
train_def_1094.jpeg, def
train_def_1095.jpeg, def
train_def_1096.jpeg, def
train_def_1097.jpeg, def
train_def_1098.jpeg, def
train_def_1099.jpeg, def
train_def_1100.jpeg, def
train_def_1101.jpeg, def
train_def_1102.jpeg, def
train_def_1103.jpeg, def
train_def_1104.jpeg, def
train_def_1105.jpeg, def
train_def_1106.jpeg, def
train_def_1107.jpeg, def
train_def_1108.jpeg, def
train_def_1109.jpeg, def
train_def_1110.jpeg, def
train_def_1111.jpeg, def
train_def_1112.jpeg, def
train_def_1113.jpeg, def
train_def_1114.jpeg, def
train_def_1115.jpeg, def
train_def_1116.jpeg, def
train_def_1117.jpeg, def
train_def_1118.jpeg, def
train_def_1119.jpeg, def
train_def_1120.jpeg, def
train_def_1121.jpeg, def
train_def_1122.jpeg, def
train_def_1123.jpeg, def
train_def_1124.jpeg, def
train_def_1125.jpeg, def
train_def_1126.jpeg, def
train_def_1127.jpeg, def
train_def_1128.jpeg, def
train_def_1129.jpeg, def
train_def_1130.jpeg, def
train_def_1131.jpeg, def
train_def_1132.jpeg, def
train_def_1133.jpeg, def
train_def_1134.jpeg, def
train_def_1135.jpeg, def
train_def_1136.jpeg, def
train_def_1137.jpeg, def
train_def_1138.jpeg, def
train_def_1139.jpeg, def
train_def_1140.jpeg, def
train_def_1141.jpeg, def
train_def_1142.jpeg, def
train_def_1143.jpeg, def
train_def_1144.jpeg, def
train_def_1145.jpeg, def
train_def_1146.jpeg, def
train_def_1147.jpeg, def
train_def_1148.jpeg, def
train_def_1149.jpeg, def
train_def_1150.jpeg, def
train_def_1151.jpeg, def
train_def_1152.jpeg, def
train_def_1153.jpeg, def
train_def_1154.jpeg, def
train_def_1155.jpeg, def
train_def_1156.jpeg, def
train_def_1157.jpeg, def
train_def_1158.jpeg, def
train_def_1159.jpeg, def
train_def_1160.jpeg, def
train_def_1161.jpeg, def
train_def_1162.jpeg, def
train_def_1163.jpeg, def
train_def_1164.jpeg, def
train_def_1165.jpeg, def
train_def_1166.jpeg, def
train_def_1167.jpeg, def
train_def_1168.jpeg, def
train_def_1169.jpeg, def
train_def_1170.jpeg, def
train_def_1171.jpeg, def
train_def_1172.jpeg, def
train_def_1173.jpeg, def
train_def_1174.jpeg, def
train_def_1175.jpeg, def
train_def_1176.jpeg, def
train_def_1177.jpeg, def
train_def_1178.jpeg, def
train_def_1179.jpeg, def
train_def_1180.jpeg, def
train_def_1181.jpeg, def
train_def_1182.jpeg, def
train_def_1183.jpeg, def
train_def_1184.jpeg, def
train_def_1185.jpeg, def
train_def_1186.jpeg, def
train_def_1187.jpeg, def
train_def_1188.jpeg, def
train_def_1189.jpeg, def
train_def_1190.jpeg, def
train_def_1191.jpeg, def
train_def_1192.jpeg, def
train_def_1193.jpeg, def
train_def_1194.jpeg, def
train_def_1195.jpeg, def
train_def_1196.jpeg, def
train_def_1197.jpeg, def
train_def_1198.jpeg, def
train_def_1199.jpeg, def
train_def_1200.jpeg, def
train_def_1201.jpeg, def
train_def_1202.jpeg, def
train_def_1203.jpeg, def
train_def_1204.jpeg, def
train_def_1205.jpeg, def
train_def_1206.jpeg, def
train_def_1207.jpeg, def
train_def_1208.jpeg, def
train_def_1209.jpeg, def
train_def_1210.jpeg, def
train_def_1211.jpeg, def
train_def_1212.jpeg, def
train_def_1213.jpeg, def
train_def_1214.jpeg, def
train_def_1215.jpeg, def
train_def_1216.jpeg, def
train_def_1217.jpeg, def
train_def_1218.jpeg, def
train_def_1219.jpeg, def
train_def_1220.jpeg, def
train_def_1221.jpeg, def
train_def_1222.jpeg, def
train_def_1223.jpeg, def
train_def_1224.jpeg, def
train_def_1225.jpeg, def
train_def_1226.jpeg, def
train_def_1227.jpeg, def
train_def_1228.jpeg, def
train_def_1229.jpeg, def
train_def_1230.jpeg, def
train_def_1231.jpeg, def
train_def_1232.jpeg, def
train_def_1233.jpeg, def
train_def_1234.jpeg, def
train_def_1235.jpeg, def
train_def_1236.jpeg, def
train_def_1237.jpeg, def
train_def_1238.jpeg, def
train_def_1239.jpeg, def
train_def_1240.jpeg, def
train_def_1241.jpeg, def
train_def_1242.jpeg, def
train_def_1243.jpeg, def
train_def_1244.jpeg, def
train_def_1245.jpeg, def
train_def_1246.jpeg, def
train_def_1247.jpeg, def
train_def_1248.jpeg, def
train_def_1249.jpeg, def
train_def_1250.jpeg, def
train_def_1251.jpeg, def
train_def_1252.jpeg, def
train_def_1253.jpeg, def
train_def_1254.jpeg, def
train_def_1255.jpeg, def
train_def_1256.jpeg, def
train_def_1257.jpeg, def
train_def_1258.jpeg, def
train_def_1259.jpeg, def
train_def_1260.jpeg, def
train_def_1261.jpeg, def
train_def_1262.jpeg, def
train_def_1263.jpeg, def
train_def_1264.jpeg, def
train_def_1265.jpeg, def
train_def_1266.jpeg, def
train_def_1267.jpeg, def
train_def_1268.jpeg, def
train_def_1269.jpeg, def
train_def_1270.jpeg, def
train_def_1271.jpeg, def
train_def_1272.jpeg, def
train_def_1273.jpeg, def
train_def_1274.jpeg, def
train_def_1275.jpeg, def
train_def_1276.jpeg, def
train_def_1277.jpeg, def
train_def_1278.jpeg, def
train_def_1279.jpeg, def
train_def_1280.jpeg, def
train_def_1281.jpeg, def
train_def_1282.jpeg, def
train_def_1283.jpeg, def
train_def_1284.jpeg, def
train_def_1285.jpeg, def
train_def_1286.jpeg, def
train_def_1287.jpeg, def
train_def_1288.jpeg, def
train_def_1289.jpeg, def
train_def_1290.jpeg, def
train_def_1291.jpeg, def
train_def_1292.jpeg, def
train_def_1293.jpeg, def
train_def_1294.jpeg, def
train_def_1295.jpeg, def
train_def_1296.jpeg, def
train_def_1297.jpeg, def
train_def_1298.jpeg, def
train_def_1299.jpeg, def
train_def_1300.jpeg, def
train_def_1301.jpeg, def
train_def_1302.jpeg, def
train_def_1303.jpeg, def
train_def_1304.jpeg, def
train_def_1305.jpeg, def
train_def_1306.jpeg, def
train_def_1307.jpeg, def
train_def_1308.jpeg, def
train_def_1309.jpeg, def
train_def_1310.jpeg, def
train_def_1311.jpeg, def
train_def_1312.jpeg, def
train_def_1313.jpeg, def
train_def_1314.jpeg, def
train_def_1315.jpeg, def
train_def_1316.jpeg, def
train_def_1317.jpeg, def
train_def_1318.jpeg, def
train_def_1319.jpeg, def
train_def_1320.jpeg, def
train_def_1321.jpeg, def
train_def_1322.jpeg, def
train_def_1323.jpeg, def
train_def_1324.jpeg, def
train_def_1325.jpeg, def
train_def_1326.jpeg, def
train_def_1327.jpeg, def
train_def_1328.jpeg, def
train_def_1329.jpeg, def
train_def_1330.jpeg, def
train_def_1331.jpeg, def
train_def_1332.jpeg, def
train_def_1333.jpeg, def
train_def_1334.jpeg, def
train_def_1335.jpeg, def
train_def_1336.jpeg, def
train_def_1337.jpeg, def
train_def_1338.jpeg, def
train_def_1339.jpeg, def
train_def_1340.jpeg, def
train_def_1341.jpeg, def
train_def_1342.jpeg, def
train_def_1343.jpeg, def
train_def_1344.jpeg, def
train_def_1345.jpeg, def
train_def_1346.jpeg, def
train_def_1347.jpeg, def
train_def_1348.jpeg, def
train_def_1349.jpeg, def
train_def_1350.jpeg, def
train_def_1351.jpeg, def
train_def_1352.jpeg, def
train_def_1353.jpeg, def
train_def_1354.jpeg, def
train_def_1355.jpeg, def
train_def_1356.jpeg, def
train_def_1357.jpeg, def
train_def_1358.jpeg, def
train_def_1359.jpeg, def
train_def_1360.jpeg, def
train_def_1361.jpeg, def
train_def_1362.jpeg, def
train_def_1363.jpeg, def
train_def_1364.jpeg, def
train_def_1365.jpeg, def
train_def_1366.jpeg, def
train_def_1367.jpeg, def
train_def_1368.jpeg, def
train_def_1369.jpeg, def
train_def_1370.jpeg, def
train_def_1371.jpeg, def
train_def_1372.jpeg, def
train_def_1373.jpeg, def
train_def_1374.jpeg, def
train_def_1375.jpeg, def
train_def_1376.jpeg, def
train_def_1377.jpeg, def
train_def_1378.jpeg, def
train_def_1379.jpeg, def
train_def_1380.jpeg, def
train_def_1381.jpeg, def
train_def_1382.jpeg, def
train_def_1383.jpeg, def
train_def_1384.jpeg, def
train_def_1385.jpeg, def
train_def_1386.jpeg, def
train_def_1387.jpeg, def
train_def_1388.jpeg, def
train_def_1389.jpeg, def
train_def_1390.jpeg, def
train_def_1391.jpeg, def
train_def_1392.jpeg, def
train_def_1393.jpeg, def
train_def_1394.jpeg, def
train_def_1395.jpeg, def
train_def_1396.jpeg, def
train_def_1397.jpeg, def
train_def_1398.jpeg, def
train_def_1399.jpeg, def
train_def_1400.jpeg, def
train_def_1401.jpeg, def
train_def_1402.jpeg, def
train_def_1403.jpeg, def
train_def_1404.jpeg, def
train_def_1405.jpeg, def
train_def_1406.jpeg, def
train_def_1407.jpeg, def
train_def_1408.jpeg, def
train_def_1409.jpeg, def
train_def_1410.jpeg, def
train_def_1411.jpeg, def
train_def_1412.jpeg, def
train_def_1413.jpeg, def
train_def_1414.jpeg, def
train_def_1415.jpeg, def
train_def_1416.jpeg, def
train_def_1417.jpeg, def
train_def_1418.jpeg, def
train_def_1419.jpeg, def
train_def_1420.jpeg, def
train_def_1421.jpeg, def
train_def_1422.jpeg, def
train_def_1423.jpeg, def
train_def_1424.jpeg, def
train_def_1425.jpeg, def
train_def_1426.jpeg, def
train_def_1427.jpeg, def
train_def_1428.jpeg, def
train_def_1429.jpeg, def
train_def_1430.jpeg, def
train_def_1431.jpeg, def
train_def_1432.jpeg, def
train_def_1433.jpeg, def
train_def_1434.jpeg, def
train_def_1435.jpeg, def
train_def_1436.jpeg, def
train_def_1437.jpeg, def
train_def_1438.jpeg, def
train_def_1439.jpeg, def
train_def_1440.jpeg, def
train_def_1441.jpeg, def
train_def_1442.jpeg, def
train_def_1443.jpeg, def
train_def_1444.jpeg, def
train_def_1445.jpeg, def
train_def_1446.jpeg, def
train_def_1447.jpeg, def
train_def_1448.jpeg, def
train_def_1449.jpeg, def
train_def_1450.jpeg, def
train_def_1451.jpeg, def
train_def_1452.jpeg, def
train_def_1453.jpeg, def
train_def_1454.jpeg, def
train_def_1455.jpeg, def
train_def_1456.jpeg, def
train_def_1457.jpeg, def
train_def_1458.jpeg, def
train_def_1459.jpeg, def
train_def_1460.jpeg, def
train_def_1461.jpeg, def
train_def_1462.jpeg, def
train_def_1463.jpeg, def
train_def_1464.jpeg, def
train_def_1465.jpeg, def
train_def_1466.jpeg, def
train_def_1467.jpeg, def
train_def_1468.jpeg, def
train_def_1469.jpeg, def
train_def_1470.jpeg, def
train_def_1471.jpeg, def
train_def_1472.jpeg, def
train_def_1473.jpeg, def
train_def_1474.jpeg, def
train_def_1475.jpeg, def
train_def_1476.jpeg, def
train_def_1477.jpeg, def
train_def_1478.jpeg, def
train_def_1479.jpeg, def
train_def_1480.jpeg, def
train_def_1481.jpeg, def
train_def_1482.jpeg, def
train_def_1483.jpeg, def
train_def_1484.jpeg, def
train_def_1485.jpeg, def
train_def_1486.jpeg, def
train_def_1487.jpeg, def
train_def_1488.jpeg, def
train_def_1489.jpeg, def
train_def_1490.jpeg, def
train_def_1491.jpeg, def
train_def_1492.jpeg, def
train_def_1493.jpeg, def
train_def_1494.jpeg, def
train_def_1495.jpeg, def
train_def_1496.jpeg, def
train_def_1497.jpeg, def
train_def_1498.jpeg, def
train_def_1499.jpeg, def
train_def_1500.jpeg, def
train_def_1501.jpeg, def
train_def_1502.jpeg, def
train_def_1503.jpeg, def
train_def_1504.jpeg, def
train_def_1505.jpeg, def
train_def_1506.jpeg, def
train_def_1507.jpeg, def
train_def_1508.jpeg, def
train_def_1509.jpeg, def
train_def_1510.jpeg, def
train_def_1511.jpeg, def
train_def_1512.jpeg, def
train_def_1513.jpeg, def
train_def_1514.jpeg, def
train_def_1515.jpeg, def
train_def_1516.jpeg, def
train_def_1517.jpeg, def
train_def_1518.jpeg, def
train_def_1519.jpeg, def
train_def_1520.jpeg, def
train_def_1521.jpeg, def
train_def_1522.jpeg, def
train_def_1523.jpeg, def
train_def_1524.jpeg, def
train_def_1525.jpeg, def
train_def_1526.jpeg, def
train_def_1527.jpeg, def
train_def_1528.jpeg, def
train_def_1529.jpeg, def
train_def_1530.jpeg, def
train_def_1531.jpeg, def
train_def_1532.jpeg, def
train_def_1533.jpeg, def
train_def_1534.jpeg, def
train_def_1535.jpeg, def
train_def_1536.jpeg, def
train_def_1537.jpeg, def
train_def_1538.jpeg, def
train_def_1539.jpeg, def
train_def_1540.jpeg, def
train_def_1541.jpeg, def
train_def_1542.jpeg, def
train_def_1543.jpeg, def
train_def_1544.jpeg, def
train_def_1545.jpeg, def
train_def_1546.jpeg, def
train_def_1547.jpeg, def
train_def_1548.jpeg, def
train_def_1549.jpeg, def
train_def_1550.jpeg, def
train_def_1551.jpeg, def
train_def_1552.jpeg, def
train_def_1553.jpeg, def
train_def_1554.jpeg, def
train_def_1555.jpeg, def
train_def_1556.jpeg, def
train_def_1557.jpeg, def
train_def_1558.jpeg, def
train_def_1559.jpeg, def
train_def_1560.jpeg, def
train_def_1561.jpeg, def
train_def_1562.jpeg, def
train_def_1563.jpeg, def
train_def_1564.jpeg, def
train_def_1565.jpeg, def
train_def_1566.jpeg, def
train_def_1567.jpeg, def
train_def_1568.jpeg, def
train_def_1569.jpeg, def
train_def_1570.jpeg, def
train_def_1571.jpeg, def
train_def_1572.jpeg, def
train_def_1573.jpeg, def
train_def_1574.jpeg, def
train_def_1575.jpeg, def
train_def_1576.jpeg, def
train_def_1577.jpeg, def
train_def_1578.jpeg, def
train_def_1579.jpeg, def
train_def_1580.jpeg, def
train_def_1581.jpeg, def
train_def_1582.jpeg, def
train_def_1583.jpeg, def
train_def_1584.jpeg, def
train_def_1585.jpeg, def
train_def_1586.jpeg, def
train_def_1587.jpeg, def
train_def_1588.jpeg, def
train_def_1589.jpeg, def
train_def_1590.jpeg, def
train_def_1591.jpeg, def
train_def_1592.jpeg, def
train_def_1593.jpeg, def
train_def_1594.jpeg, def
train_def_1595.jpeg, def
train_def_1596.jpeg, def
train_def_1597.jpeg, def
train_def_1598.jpeg, def
train_def_1599.jpeg, def
train_def_1600.jpeg, def
train_def_1601.jpeg, def
train_def_1602.jpeg, def
train_def_1603.jpeg, def
train_def_1604.jpeg, def
train_def_1605.jpeg, def
train_def_1606.jpeg, def
train_def_1607.jpeg, def
train_def_1608.jpeg, def
train_def_1609.jpeg, def
train_def_1610.jpeg, def
train_def_1611.jpeg, def
train_def_1612.jpeg, def
train_def_1613.jpeg, def
train_def_1614.jpeg, def
train_def_1615.jpeg, def
train_def_1616.jpeg, def
train_def_1617.jpeg, def
train_def_1618.jpeg, def
train_def_1619.jpeg, def
train_def_1620.jpeg, def
train_def_1621.jpeg, def
train_def_1622.jpeg, def
train_def_1623.jpeg, def
train_def_1624.jpeg, def
train_def_1625.jpeg, def
train_def_1626.jpeg, def
train_def_1627.jpeg, def
train_def_1628.jpeg, def
train_def_1629.jpeg, def
train_def_1630.jpeg, def
train_def_1631.jpeg, def
train_def_1632.jpeg, def
train_def_1633.jpeg, def
train_def_1634.jpeg, def
train_def_1635.jpeg, def
train_def_1636.jpeg, def
train_def_1637.jpeg, def
train_def_1638.jpeg, def
train_def_1639.jpeg, def
train_def_1640.jpeg, def
train_def_1641.jpeg, def
train_def_1642.jpeg, def
train_def_1643.jpeg, def
train_def_1644.jpeg, def
train_def_1645.jpeg, def
train_def_1646.jpeg, def
train_def_1647.jpeg, def
train_def_1648.jpeg, def
train_def_1649.jpeg, def
train_def_1650.jpeg, def
train_def_1651.jpeg, def
train_def_1652.jpeg, def
train_def_1653.jpeg, def
train_def_1654.jpeg, def
train_def_1655.jpeg, def
train_def_1656.jpeg, def
train_def_1657.jpeg, def
train_def_1658.jpeg, def
train_def_1659.jpeg, def
train_def_1660.jpeg, def
train_def_1661.jpeg, def
train_def_1662.jpeg, def
train_def_1663.jpeg, def
train_def_1664.jpeg, def
train_def_1665.jpeg, def
train_def_1666.jpeg, def
train_def_1667.jpeg, def
train_def_1668.jpeg, def
train_def_1669.jpeg, def
train_def_1670.jpeg, def
train_def_1671.jpeg, def
train_def_1672.jpeg, def
train_def_1673.jpeg, def
train_def_1674.jpeg, def
train_def_1675.jpeg, def
train_def_1676.jpeg, def
train_def_1677.jpeg, def
train_def_1678.jpeg, def
train_def_1679.jpeg, def
train_def_1680.jpeg, def
train_def_1681.jpeg, def
train_def_1682.jpeg, def
train_def_1683.jpeg, def
train_def_1684.jpeg, def
train_def_1685.jpeg, def
train_def_1686.jpeg, def
train_def_1687.jpeg, def
train_def_1688.jpeg, def
train_def_1689.jpeg, def
train_def_1690.jpeg, def
train_def_1691.jpeg, def
train_def_1692.jpeg, def
train_def_1693.jpeg, def
train_def_1694.jpeg, def
train_def_1695.jpeg, def
train_def_1696.jpeg, def
train_def_1697.jpeg, def
train_def_1698.jpeg, def
train_def_1699.jpeg, def
train_def_1700.jpeg, def
train_def_1701.jpeg, def
train_def_1702.jpeg, def
train_def_1703.jpeg, def
train_def_1704.jpeg, def
train_def_1705.jpeg, def
train_def_1706.jpeg, def
train_def_1707.jpeg, def
train_def_1708.jpeg, def
train_def_1709.jpeg, def
train_def_1710.jpeg, def
train_def_1711.jpeg, def
train_def_1712.jpeg, def
train_def_1713.jpeg, def
train_def_1714.jpeg, def
train_def_1715.jpeg, def
train_def_1716.jpeg, def
train_def_1717.jpeg, def
train_def_1718.jpeg, def
train_def_1719.jpeg, def
train_def_1720.jpeg, def
train_def_1721.jpeg, def
train_def_1722.jpeg, def
train_def_1723.jpeg, def
train_def_1724.jpeg, def
train_def_1725.jpeg, def
train_def_1726.jpeg, def
train_def_1727.jpeg, def
train_def_1728.jpeg, def
train_def_1729.jpeg, def
train_def_1730.jpeg, def
train_def_1731.jpeg, def
train_def_1732.jpeg, def
train_def_1733.jpeg, def
train_def_1734.jpeg, def
train_def_1735.jpeg, def
train_def_1736.jpeg, def
train_def_1737.jpeg, def
train_def_1738.jpeg, def
train_def_1739.jpeg, def
train_def_1740.jpeg, def
train_def_1741.jpeg, def
train_def_1742.jpeg, def
train_def_1743.jpeg, def
train_def_1744.jpeg, def
train_def_1745.jpeg, def
train_def_1746.jpeg, def
train_def_1747.jpeg, def
train_def_1748.jpeg, def
train_def_1749.jpeg, def
train_def_1750.jpeg, def
train_def_1751.jpeg, def
train_def_1752.jpeg, def
train_def_1753.jpeg, def
train_def_1754.jpeg, def
train_def_1755.jpeg, def
train_def_1756.jpeg, def
train_def_1757.jpeg, def
train_def_1758.jpeg, def
train_def_1759.jpeg, def
train_def_1760.jpeg, def
train_def_1761.jpeg, def
train_def_1762.jpeg, def
train_def_1763.jpeg, def
train_def_1764.jpeg, def
train_def_1765.jpeg, def
train_def_1766.jpeg, def
train_def_1767.jpeg, def
train_def_1768.jpeg, def
train_def_1769.jpeg, def
train_def_1770.jpeg, def
train_def_1771.jpeg, def
train_def_1772.jpeg, def
train_def_1773.jpeg, def
train_def_1774.jpeg, def
train_def_1775.jpeg, def
train_def_1776.jpeg, def
train_def_1777.jpeg, def
train_def_1778.jpeg, def
train_def_1779.jpeg, def
train_def_1780.jpeg, def
train_def_1781.jpeg, def
train_def_1782.jpeg, def
train_def_1783.jpeg, def
train_def_1784.jpeg, def
train_def_1785.jpeg, def
train_def_1786.jpeg, def
train_def_1787.jpeg, def
train_def_1788.jpeg, def
train_def_1789.jpeg, def
train_def_1790.jpeg, def
train_def_1791.jpeg, def
train_def_1792.jpeg, def
train_def_1793.jpeg, def
train_def_1794.jpeg, def
train_def_1795.jpeg, def
train_def_1796.jpeg, def
train_def_1797.jpeg, def
train_def_1798.jpeg, def
train_def_1799.jpeg, def
train_def_1800.jpeg, def
train_def_1801.jpeg, def
train_def_1802.jpeg, def
train_def_1803.jpeg, def
train_def_1804.jpeg, def
train_def_1805.jpeg, def
train_def_1806.jpeg, def
train_def_1807.jpeg, def
train_def_1808.jpeg, def
train_def_1809.jpeg, def
train_def_1810.jpeg, def
train_def_1811.jpeg, def
train_def_1812.jpeg, def
train_def_1813.jpeg, def
train_def_1814.jpeg, def
train_def_1815.jpeg, def
train_def_1816.jpeg, def
train_def_1817.jpeg, def
train_def_1818.jpeg, def
train_def_1819.jpeg, def
train_def_1820.jpeg, def
train_def_1821.jpeg, def
train_def_1822.jpeg, def
train_def_1823.jpeg, def
train_def_1824.jpeg, def
train_def_1825.jpeg, def
train_def_1826.jpeg, def
train_def_1827.jpeg, def
train_def_1828.jpeg, def
train_def_1829.jpeg, def
train_def_1830.jpeg, def
train_def_1831.jpeg, def
train_def_1832.jpeg, def
train_def_1833.jpeg, def
train_def_1834.jpeg, def
train_def_1835.jpeg, def
train_def_1836.jpeg, def
train_def_1837.jpeg, def
train_def_1838.jpeg, def
train_def_1839.jpeg, def
train_def_1840.jpeg, def
train_def_1841.jpeg, def
train_def_1842.jpeg, def
train_def_1843.jpeg, def
train_def_1844.jpeg, def
train_def_1845.jpeg, def
train_def_1846.jpeg, def
train_def_1847.jpeg, def
train_def_1848.jpeg, def
train_def_1849.jpeg, def
train_def_1850.jpeg, def
train_def_1851.jpeg, def
train_def_1852.jpeg, def
train_def_1853.jpeg, def
train_def_1854.jpeg, def
train_def_1855.jpeg, def
train_def_1856.jpeg, def
train_def_1857.jpeg, def
train_def_1858.jpeg, def
train_def_1859.jpeg, def
train_def_1860.jpeg, def
train_def_1861.jpeg, def
train_def_1862.jpeg, def
train_def_1863.jpeg, def
train_def_1864.jpeg, def
train_def_1865.jpeg, def
train_def_1866.jpeg, def
train_def_1867.jpeg, def
train_def_1868.jpeg, def
train_def_1869.jpeg, def
train_def_1870.jpeg, def
train_def_1871.jpeg, def
train_def_1872.jpeg, def
train_def_1873.jpeg, def
train_def_1874.jpeg, def
train_def_1875.jpeg, def
train_def_1876.jpeg, def
train_def_1877.jpeg, def
train_def_1878.jpeg, def
train_def_1879.jpeg, def
train_def_1880.jpeg, def
train_def_1881.jpeg, def
train_def_1882.jpeg, def
train_def_1883.jpeg, def
train_def_1884.jpeg, def
train_def_1885.jpeg, def
train_def_1886.jpeg, def
train_def_1887.jpeg, def
train_def_1888.jpeg, def
train_def_1889.jpeg, def
train_def_1890.jpeg, def
train_def_1891.jpeg, def
train_def_1892.jpeg, def
train_def_1893.jpeg, def
train_def_1894.jpeg, def
train_def_1895.jpeg, def
train_def_1896.jpeg, def
train_def_1897.jpeg, def
train_def_1898.jpeg, def
train_def_1899.jpeg, def
train_def_1900.jpeg, def
train_def_1901.jpeg, def
train_def_1902.jpeg, def
train_def_1903.jpeg, def
train_def_1904.jpeg, def
train_def_1905.jpeg, def
train_def_1906.jpeg, def
train_def_1907.jpeg, def
train_def_1908.jpeg, def
train_def_1909.jpeg, def
train_def_1910.jpeg, def
train_def_1911.jpeg, def
train_def_1912.jpeg, def
train_def_1913.jpeg, def
train_def_1914.jpeg, def
train_def_1915.jpeg, def
train_def_1916.jpeg, def
train_def_1917.jpeg, def
train_def_1918.jpeg, def
train_def_1919.jpeg, def
train_def_1920.jpeg, def
train_def_1921.jpeg, def
train_def_1922.jpeg, def
train_def_1923.jpeg, def
train_def_1924.jpeg, def
train_def_1925.jpeg, def
train_def_1926.jpeg, def
train_def_1927.jpeg, def
train_def_1928.jpeg, def
train_def_1929.jpeg, def
train_def_1930.jpeg, def
train_def_1931.jpeg, def
train_def_1932.jpeg, def
train_def_1933.jpeg, def
train_def_1934.jpeg, def
train_def_1935.jpeg, def
train_def_1936.jpeg, def
train_def_1937.jpeg, def
train_def_1938.jpeg, def
train_def_1939.jpeg, def
train_def_1940.jpeg, def
train_def_1941.jpeg, def
train_def_1942.jpeg, def
train_def_1943.jpeg, def
train_def_1944.jpeg, def
train_def_1945.jpeg, def
train_def_1946.jpeg, def
train_def_1947.jpeg, def
train_def_1948.jpeg, def
train_def_1949.jpeg, def
train_def_1950.jpeg, def
train_def_1951.jpeg, def
train_def_1952.jpeg, def
train_def_1953.jpeg, def
train_def_1954.jpeg, def
train_def_1955.jpeg, def
train_def_1956.jpeg, def
train_def_1957.jpeg, def
train_def_1958.jpeg, def
train_def_1959.jpeg, def
train_def_1960.jpeg, def
train_def_1961.jpeg, def
train_def_1962.jpeg, def
train_def_1963.jpeg, def
train_def_1964.jpeg, def
train_def_1965.jpeg, def
train_def_1966.jpeg, def
train_def_1967.jpeg, def
train_def_1968.jpeg, def
train_def_1969.jpeg, def
train_def_1970.jpeg, def
train_def_1971.jpeg, def
train_def_1972.jpeg, def
train_def_1973.jpeg, def
train_def_1974.jpeg, def
train_def_1975.jpeg, def
train_def_1976.jpeg, def
train_def_1977.jpeg, def
train_def_1978.jpeg, def
train_def_1979.jpeg, def
train_def_1980.jpeg, def
train_def_1981.jpeg, def
train_def_1982.jpeg, def
train_def_1983.jpeg, def
train_def_1984.jpeg, def
train_def_1985.jpeg, def
train_def_1986.jpeg, def
train_def_1987.jpeg, def
train_def_1988.jpeg, def
train_def_1989.jpeg, def
train_def_1990.jpeg, def
train_def_1991.jpeg, def
train_def_1992.jpeg, def
train_def_1993.jpeg, def
train_def_1994.jpeg, def
train_def_1995.jpeg, def
train_def_1996.jpeg, def
train_def_1997.jpeg, def
train_def_1998.jpeg, def
train_def_1999.jpeg, def
train_def_2000.jpeg, def
train_def_2001.jpeg, def
train_def_2002.jpeg, def
train_def_2003.jpeg, def
train_def_2004.jpeg, def
train_def_2005.jpeg, def
train_def_2006.jpeg, def
train_def_2007.jpeg, def
train_def_2008.jpeg, def
train_def_2009.jpeg, def
train_def_2010.jpeg, def
train_def_2011.jpeg, def
train_def_2012.jpeg, def
train_def_2013.jpeg, def
train_def_2014.jpeg, def
train_def_2015.jpeg, def
train_def_2016.jpeg, def
train_def_2017.jpeg, def
train_def_2018.jpeg, def
train_def_2019.jpeg, def
train_def_2020.jpeg, def
train_def_2021.jpeg, def
train_def_2022.jpeg, def
train_def_2023.jpeg, def
train_def_2024.jpeg, def
train_def_2025.jpeg, def
train_def_2026.jpeg, def
train_def_2027.jpeg, def
train_def_2028.jpeg, def
train_def_2029.jpeg, def
train_def_2030.jpeg, def
train_def_2031.jpeg, def
train_def_2032.jpeg, def
train_def_2033.jpeg, def
train_def_2034.jpeg, def
train_def_2035.jpeg, def
train_def_2036.jpeg, def
train_def_2037.jpeg, def
train_def_2038.jpeg, def
train_def_2039.jpeg, def
train_def_2040.jpeg, def
train_def_2041.jpeg, def
train_def_2042.jpeg, def
train_def_2043.jpeg, def
train_def_2044.jpeg, def
train_def_2045.jpeg, def
train_def_2046.jpeg, def
train_def_2047.jpeg, def
train_def_2048.jpeg, def
train_def_2049.jpeg, def
train_def_2050.jpeg, def
train_def_2051.jpeg, def
train_def_2052.jpeg, def
train_def_2053.jpeg, def
train_def_2054.jpeg, def
train_def_2055.jpeg, def
train_def_2056.jpeg, def
train_def_2057.jpeg, def
train_def_2058.jpeg, def
train_def_2059.jpeg, def
train_def_2060.jpeg, def
train_def_2061.jpeg, def
train_def_2062.jpeg, def
train_def_2063.jpeg, def
train_def_2064.jpeg, def
train_def_2065.jpeg, def
train_def_2066.jpeg, def
train_def_2067.jpeg, def
train_def_2068.jpeg, def
train_def_2069.jpeg, def
train_def_2070.jpeg, def
train_def_2071.jpeg, def
train_def_2072.jpeg, def
train_def_2073.jpeg, def
train_def_2074.jpeg, def
train_def_2075.jpeg, def
train_def_2076.jpeg, def
train_def_2077.jpeg, def
train_def_2078.jpeg, def
train_def_2079.jpeg, def
train_def_2080.jpeg, def
train_def_2081.jpeg, def
train_def_2082.jpeg, def
train_def_2083.jpeg, def
train_def_2084.jpeg, def
train_def_2085.jpeg, def
train_def_2086.jpeg, def
train_def_2087.jpeg, def
train_def_2088.jpeg, def
train_def_2089.jpeg, def
train_def_2090.jpeg, def
train_def_2091.jpeg, def
train_def_2092.jpeg, def
train_def_2093.jpeg, def
train_def_2094.jpeg, def
train_def_2095.jpeg, def
train_def_2096.jpeg, def
train_def_2097.jpeg, def
train_def_2098.jpeg, def
train_def_2099.jpeg, def
train_def_2100.jpeg, def
train_def_2101.jpeg, def
train_def_2102.jpeg, def
train_def_2103.jpeg, def
train_def_2104.jpeg, def
train_def_2105.jpeg, def
train_def_2106.jpeg, def
train_def_2107.jpeg, def
train_def_2108.jpeg, def
train_def_2109.jpeg, def
train_def_2110.jpeg, def
train_def_2111.jpeg, def
train_def_2112.jpeg, def
train_def_2113.jpeg, def
train_def_2114.jpeg, def
train_def_2115.jpeg, def
train_def_2116.jpeg, def
train_def_2117.jpeg, def
train_def_2118.jpeg, def
train_def_2119.jpeg, def
train_def_2120.jpeg, def
train_def_2121.jpeg, def
train_def_2122.jpeg, def
train_def_2123.jpeg, def
train_def_2124.jpeg, def
train_def_2125.jpeg, def
train_def_2126.jpeg, def
train_def_2127.jpeg, def
train_def_2128.jpeg, def
train_def_2129.jpeg, def
train_def_2130.jpeg, def
train_def_2131.jpeg, def
train_def_2132.jpeg, def
train_def_2133.jpeg, def
train_def_2134.jpeg, def
train_def_2135.jpeg, def
train_def_2136.jpeg, def
train_def_2137.jpeg, def
train_def_2138.jpeg, def
train_def_2139.jpeg, def
train_def_2140.jpeg, def
train_def_2141.jpeg, def
train_def_2142.jpeg, def
train_def_2143.jpeg, def
train_def_2144.jpeg, def
train_def_2145.jpeg, def
train_def_2146.jpeg, def
train_def_2147.jpeg, def
train_def_2148.jpeg, def
train_def_2149.jpeg, def
train_def_2150.jpeg, def
train_def_2151.jpeg, def
train_def_2152.jpeg, def
train_def_2153.jpeg, def
train_def_2154.jpeg, def
train_def_2155.jpeg, def
train_def_2156.jpeg, def
train_def_2157.jpeg, def
train_def_2158.jpeg, def
train_def_2159.jpeg, def
train_def_2160.jpeg, def
train_def_2161.jpeg, def
train_def_2162.jpeg, def
train_def_2163.jpeg, def
train_def_2164.jpeg, def
train_def_2165.jpeg, def
train_def_2166.jpeg, def
train_def_2167.jpeg, def
train_def_2168.jpeg, def
train_def_2169.jpeg, def
train_def_2170.jpeg, def
train_def_2171.jpeg, def
train_def_2172.jpeg, def
train_def_2173.jpeg, def
train_def_2174.jpeg, def
train_def_2175.jpeg, def
train_def_2176.jpeg, def
train_def_2177.jpeg, def
train_def_2178.jpeg, def
train_def_2179.jpeg, def
train_def_2180.jpeg, def
train_def_2181.jpeg, def
train_def_2182.jpeg, def
train_def_2183.jpeg, def
train_def_2184.jpeg, def
train_def_2185.jpeg, def
train_def_2186.jpeg, def
train_def_2187.jpeg, def
train_def_2188.jpeg, def
train_def_2189.jpeg, def
train_def_2190.jpeg, def
train_def_2191.jpeg, def
train_def_2192.jpeg, def
train_def_2193.jpeg, def
train_def_2194.jpeg, def
train_def_2195.jpeg, def
train_def_2196.jpeg, def
train_def_2197.jpeg, def
train_def_2198.jpeg, def
train_def_2199.jpeg, def
train_def_2200.jpeg, def
train_def_2201.jpeg, def
train_def_2202.jpeg, def
train_def_2203.jpeg, def
train_def_2204.jpeg, def
train_def_2205.jpeg, def
train_def_2206.jpeg, def
train_def_2207.jpeg, def
train_def_2208.jpeg, def
train_def_2209.jpeg, def
train_def_2210.jpeg, def
train_def_2211.jpeg, def
train_def_2212.jpeg, def
train_def_2213.jpeg, def
train_def_2214.jpeg, def
train_def_2215.jpeg, def
train_def_2216.jpeg, def
train_def_2217.jpeg, def
train_def_2218.jpeg, def
train_def_2219.jpeg, def
train_def_2220.jpeg, def
train_def_2221.jpeg, def
train_def_2222.jpeg, def
train_def_2223.jpeg, def
train_def_2224.jpeg, def
train_def_2225.jpeg, def
train_def_2226.jpeg, def
train_def_2227.jpeg, def
train_def_2228.jpeg, def
train_def_2229.jpeg, def
train_def_2230.jpeg, def
train_def_2231.jpeg, def
train_def_2232.jpeg, def
train_def_2233.jpeg, def
train_def_2234.jpeg, def
train_def_2235.jpeg, def
train_def_2236.jpeg, def
train_def_2237.jpeg, def
train_def_2238.jpeg, def
train_def_2239.jpeg, def
train_def_2240.jpeg, def
train_def_2241.jpeg, def
train_def_2242.jpeg, def
train_def_2243.jpeg, def
train_def_2244.jpeg, def
train_def_2245.jpeg, def
train_def_2246.jpeg, def
train_def_2247.jpeg, def
train_def_2248.jpeg, def
train_def_2249.jpeg, def
train_def_2250.jpeg, def
train_def_2251.jpeg, def
train_def_2252.jpeg, def
train_def_2253.jpeg, def
train_def_2254.jpeg, def
train_def_2255.jpeg, def
train_def_2256.jpeg, def
train_def_2257.jpeg, def
train_def_2258.jpeg, def
train_def_2259.jpeg, def
train_def_2260.jpeg, def
train_def_2261.jpeg, def
train_def_2262.jpeg, def
train_def_2263.jpeg, def
train_def_2264.jpeg, def
train_def_2265.jpeg, def
train_def_2266.jpeg, def
train_def_2267.jpeg, def
train_def_2268.jpeg, def
train_def_2269.jpeg, def
train_def_2270.jpeg, def
train_def_2271.jpeg, def
train_def_2272.jpeg, def
train_def_2273.jpeg, def
train_def_2274.jpeg, def
train_def_2275.jpeg, def
train_def_2276.jpeg, def
train_def_2277.jpeg, def
train_def_2278.jpeg, def
train_def_2279.jpeg, def
train_def_2280.jpeg, def
train_def_2281.jpeg, def
train_def_2282.jpeg, def
train_def_2283.jpeg, def
train_def_2284.jpeg, def
train_def_2285.jpeg, def
train_def_2286.jpeg, def
train_def_2287.jpeg, def
train_def_2288.jpeg, def
train_def_2289.jpeg, def
train_def_2290.jpeg, def
train_def_2291.jpeg, def
train_def_2292.jpeg, def
train_def_2293.jpeg, def
train_def_2294.jpeg, def
train_def_2295.jpeg, def
train_def_2296.jpeg, def
train_def_2297.jpeg, def
train_def_2298.jpeg, def
train_def_2299.jpeg, def
train_def_2300.jpeg, def
train_def_2301.jpeg, def
train_def_2302.jpeg, def
train_def_2303.jpeg, def
train_def_2304.jpeg, def
train_def_2305.jpeg, def
train_def_2306.jpeg, def
train_def_2307.jpeg, def
train_def_2308.jpeg, def
train_def_2309.jpeg, def
train_def_2310.jpeg, def
train_def_2311.jpeg, def
train_def_2312.jpeg, def
train_def_2313.jpeg, def
train_def_2314.jpeg, def
train_def_2315.jpeg, def
train_def_2316.jpeg, def
train_def_2317.jpeg, def
train_def_2318.jpeg, def
train_def_2319.jpeg, def
train_def_2320.jpeg, def
train_def_2321.jpeg, def
train_def_2322.jpeg, def
train_def_2323.jpeg, def
train_def_2324.jpeg, def
train_def_2325.jpeg, def
train_def_2326.jpeg, def
train_def_2327.jpeg, def
train_def_2328.jpeg, def
train_def_2329.jpeg, def
train_def_2330.jpeg, def
train_def_2331.jpeg, def
train_def_2332.jpeg, def
train_def_2333.jpeg, def
train_def_2334.jpeg, def
train_def_2335.jpeg, def
train_def_2336.jpeg, def
train_def_2337.jpeg, def
train_def_2338.jpeg, def
train_def_2339.jpeg, def
train_def_2340.jpeg, def
train_def_2341.jpeg, def
train_def_2342.jpeg, def
train_def_2343.jpeg, def
train_def_2344.jpeg, def
train_def_2345.jpeg, def
train_def_2346.jpeg, def
train_def_2347.jpeg, def
train_def_2348.jpeg, def
train_def_2349.jpeg, def
train_def_2350.jpeg, def
train_def_2351.jpeg, def
train_def_2352.jpeg, def
train_def_2353.jpeg, def
train_def_2354.jpeg, def
train_def_2355.jpeg, def
train_def_2356.jpeg, def
train_def_2357.jpeg, def
train_def_2358.jpeg, def
train_def_2359.jpeg, def
train_def_2360.jpeg, def
train_def_2361.jpeg, def
train_def_2362.jpeg, def
train_def_2363.jpeg, def
train_def_2364.jpeg, def
train_def_2365.jpeg, def
train_def_2366.jpeg, def
train_def_2367.jpeg, def
train_def_2368.jpeg, def
train_def_2369.jpeg, def
train_def_2370.jpeg, def
train_def_2371.jpeg, def
train_def_2372.jpeg, def
train_def_2373.jpeg, def
train_def_2374.jpeg, def
train_def_2375.jpeg, def
train_def_2376.jpeg, def
train_def_2377.jpeg, def
train_def_2378.jpeg, def
train_def_2379.jpeg, def
train_def_2380.jpeg, def
train_def_2381.jpeg, def
train_def_2382.jpeg, def
train_def_2383.jpeg, def
train_def_2384.jpeg, def
train_def_2385.jpeg, def
train_def_2386.jpeg, def
train_def_2387.jpeg, def
train_def_2388.jpeg, def
train_def_2389.jpeg, def
train_def_2390.jpeg, def
train_def_2391.jpeg, def
train_def_2392.jpeg, def
train_def_2393.jpeg, def
train_def_2394.jpeg, def
train_def_2395.jpeg, def
train_def_2396.jpeg, def
train_def_2397.jpeg, def
train_def_2398.jpeg, def
train_def_2399.jpeg, def
train_def_2400.jpeg, def
train_def_2401.jpeg, def
train_def_2402.jpeg, def
train_def_2403.jpeg, def
train_def_2404.jpeg, def
train_def_2405.jpeg, def
train_def_2406.jpeg, def
train_def_2407.jpeg, def
train_def_2408.jpeg, def
train_def_2409.jpeg, def
train_def_2410.jpeg, def
train_def_2411.jpeg, def
train_def_2412.jpeg, def
train_def_2413.jpeg, def
train_def_2414.jpeg, def
train_def_2415.jpeg, def
train_def_2416.jpeg, def
train_def_2417.jpeg, def
train_def_2418.jpeg, def
train_def_2419.jpeg, def
train_def_2420.jpeg, def
train_def_2421.jpeg, def
train_def_2422.jpeg, def
train_def_2423.jpeg, def
train_def_2424.jpeg, def
train_def_2425.jpeg, def
train_def_2426.jpeg, def
train_def_2427.jpeg, def
train_def_2428.jpeg, def
train_def_2429.jpeg, def
train_def_2430.jpeg, def
train_def_2431.jpeg, def
train_def_2432.jpeg, def
train_def_2433.jpeg, def
train_def_2434.jpeg, def
train_def_2435.jpeg, def
train_def_2436.jpeg, def
train_def_2437.jpeg, def
train_def_2438.jpeg, def
train_def_2439.jpeg, def
train_def_2440.jpeg, def
train_def_2441.jpeg, def
train_def_2442.jpeg, def
train_def_2443.jpeg, def
train_def_2444.jpeg, def
train_def_2445.jpeg, def
train_def_2446.jpeg, def
train_def_2447.jpeg, def
train_def_2448.jpeg, def
train_def_2449.jpeg, def
train_def_2450.jpeg, def
train_def_2451.jpeg, def
train_def_2452.jpeg, def
train_def_2453.jpeg, def
train_def_2454.jpeg, def
train_def_2455.jpeg, def
train_def_2456.jpeg, def
train_def_2457.jpeg, def
train_def_2458.jpeg, def
train_def_2459.jpeg, def
train_def_2460.jpeg, def
train_def_2461.jpeg, def
train_def_2462.jpeg, def
train_def_2463.jpeg, def
train_def_2464.jpeg, def
train_def_2465.jpeg, def
train_def_2466.jpeg, def
train_def_2467.jpeg, def
train_def_2468.jpeg, def
train_def_2469.jpeg, def
train_def_2470.jpeg, def
train_def_2471.jpeg, def
train_def_2472.jpeg, def
train_def_2473.jpeg, def
train_def_2474.jpeg, def
train_def_2475.jpeg, def
train_def_2476.jpeg, def
train_def_2477.jpeg, def
train_def_2478.jpeg, def
train_def_2479.jpeg, def
train_def_2480.jpeg, def
train_def_2481.jpeg, def
train_def_2482.jpeg, def
train_def_2483.jpeg, def
train_def_2484.jpeg, def
train_def_2485.jpeg, def
train_def_2486.jpeg, def
train_def_2487.jpeg, def
train_def_2488.jpeg, def
train_def_2489.jpeg, def
train_def_2490.jpeg, def
train_def_2491.jpeg, def
train_def_2492.jpeg, def
train_def_2493.jpeg, def
train_def_2494.jpeg, def
train_def_2495.jpeg, def
train_def_2496.jpeg, def
train_def_2497.jpeg, def
train_def_2498.jpeg, def
train_def_2499.jpeg, def
train_def_2500.jpeg, def
train_def_2501.jpeg, def
train_def_2502.jpeg, def
train_def_2503.jpeg, def
train_def_2504.jpeg, def
train_def_2505.jpeg, def
train_def_2506.jpeg, def
train_def_2507.jpeg, def
train_def_2508.jpeg, def
train_def_2509.jpeg, def
train_def_2510.jpeg, def
train_def_2511.jpeg, def
train_def_2512.jpeg, def
train_def_2513.jpeg, def
train_def_2514.jpeg, def
train_def_2515.jpeg, def
train_def_2516.jpeg, def
train_def_2517.jpeg, def
train_def_2518.jpeg, def
train_def_2519.jpeg, def
train_def_2520.jpeg, def
train_def_2521.jpeg, def
train_def_2522.jpeg, def
train_def_2523.jpeg, def
train_def_2524.jpeg, def
train_def_2525.jpeg, def
train_def_2526.jpeg, def
train_def_2527.jpeg, def
train_def_2528.jpeg, def
train_def_2529.jpeg, def
train_def_2530.jpeg, def
train_def_2531.jpeg, def
train_def_2532.jpeg, def
train_def_2533.jpeg, def
train_def_2534.jpeg, def
train_def_2535.jpeg, def
train_def_2536.jpeg, def
train_def_2537.jpeg, def
train_def_2538.jpeg, def
train_def_2539.jpeg, def
train_def_2540.jpeg, def
train_def_2541.jpeg, def
train_def_2542.jpeg, def
train_def_2543.jpeg, def
train_def_2544.jpeg, def
train_def_2545.jpeg, def
train_def_2546.jpeg, def
train_def_2547.jpeg, def
train_def_2548.jpeg, def
train_def_2549.jpeg, def
train_def_2550.jpeg, def
train_def_2551.jpeg, def
train_def_2552.jpeg, def
train_def_2553.jpeg, def
train_def_2554.jpeg, def
train_def_2555.jpeg, def
train_def_2556.jpeg, def
train_def_2557.jpeg, def
train_def_2558.jpeg, def
train_def_2559.jpeg, def
train_def_2560.jpeg, def
train_def_2561.jpeg, def
train_def_2562.jpeg, def
train_def_2563.jpeg, def
train_def_2564.jpeg, def
train_def_2565.jpeg, def
train_def_2566.jpeg, def
train_def_2567.jpeg, def
train_def_2568.jpeg, def
train_def_2569.jpeg, def
train_def_2570.jpeg, def
train_def_2571.jpeg, def
train_def_2572.jpeg, def
train_def_2573.jpeg, def
train_def_2574.jpeg, def
train_def_2575.jpeg, def
train_def_2576.jpeg, def
train_def_2577.jpeg, def
train_def_2578.jpeg, def
train_def_2579.jpeg, def
train_def_2580.jpeg, def
train_def_2581.jpeg, def
train_def_2582.jpeg, def
train_def_2583.jpeg, def
train_def_2584.jpeg, def
train_def_2585.jpeg, def
train_def_2586.jpeg, def
train_def_2587.jpeg, def
train_def_2588.jpeg, def
train_def_2589.jpeg, def
train_def_2590.jpeg, def
train_def_2591.jpeg, def
train_def_2592.jpeg, def
train_def_2593.jpeg, def
train_def_2594.jpeg, def
train_def_2595.jpeg, def
train_def_2596.jpeg, def
train_def_2597.jpeg, def
train_def_2598.jpeg, def
train_def_2599.jpeg, def
train_def_2600.jpeg, def
train_def_2601.jpeg, def
train_def_2602.jpeg, def
train_def_2603.jpeg, def
train_def_2604.jpeg, def
train_def_2605.jpeg, def
train_def_2606.jpeg, def
train_def_2607.jpeg, def
train_def_2608.jpeg, def
train_def_2609.jpeg, def
train_def_2610.jpeg, def
train_def_2611.jpeg, def
train_def_2612.jpeg, def
train_def_2613.jpeg, def
train_def_2614.jpeg, def
train_def_2615.jpeg, def
train_def_2616.jpeg, def
train_def_2617.jpeg, def
train_def_2618.jpeg, def
train_def_2619.jpeg, def
train_def_2620.jpeg, def
train_def_2621.jpeg, def
train_def_2622.jpeg, def
train_def_2623.jpeg, def
train_def_2624.jpeg, def
train_def_2625.jpeg, def
train_def_2626.jpeg, def
train_def_2627.jpeg, def
train_def_2628.jpeg, def
train_def_2629.jpeg, def
train_def_2630.jpeg, def
train_def_2631.jpeg, def
train_def_2632.jpeg, def
train_def_2633.jpeg, def
train_def_2634.jpeg, def
train_def_2635.jpeg, def
train_def_2636.jpeg, def
train_def_2637.jpeg, def
train_def_2638.jpeg, def
train_def_2639.jpeg, def
train_def_2640.jpeg, def
train_def_2641.jpeg, def
train_def_2642.jpeg, def
train_def_2643.jpeg, def
train_def_2644.jpeg, def
train_def_2645.jpeg, def
train_def_2646.jpeg, def
train_def_2647.jpeg, def
train_def_2648.jpeg, def
train_def_2649.jpeg, def
train_def_2650.jpeg, def
train_def_2651.jpeg, def
train_def_2652.jpeg, def
train_def_2653.jpeg, def
train_def_2654.jpeg, def
train_def_2655.jpeg, def
train_def_2656.jpeg, def
train_def_2657.jpeg, def
train_def_2658.jpeg, def
train_def_2659.jpeg, def
train_def_2660.jpeg, def
train_def_2661.jpeg, def
train_def_2662.jpeg, def
train_def_2663.jpeg, def
train_def_2664.jpeg, def
train_def_2665.jpeg, def
train_def_2666.jpeg, def
train_def_2667.jpeg, def
train_def_2668.jpeg, def
train_def_2669.jpeg, def
train_def_2670.jpeg, def
train_def_2671.jpeg, def
train_def_2672.jpeg, def
train_def_2673.jpeg, def
train_def_2674.jpeg, def
train_def_2675.jpeg, def
train_def_2676.jpeg, def
train_def_2677.jpeg, def
train_def_2678.jpeg, def
train_def_2679.jpeg, def
train_def_2680.jpeg, def
train_def_2681.jpeg, def
train_def_2682.jpeg, def
train_def_2683.jpeg, def
train_def_2684.jpeg, def
train_def_2685.jpeg, def
train_def_2686.jpeg, def
train_def_2687.jpeg, def
train_def_2688.jpeg, def
train_def_2689.jpeg, def
train_def_2690.jpeg, def
train_def_2691.jpeg, def
train_def_2692.jpeg, def
train_def_2693.jpeg, def
train_def_2694.jpeg, def
train_def_2695.jpeg, def
train_def_2696.jpeg, def
train_def_2697.jpeg, def
train_def_2698.jpeg, def
train_def_2699.jpeg, def
train_def_2700.jpeg, def
train_def_2701.jpeg, def
train_def_2702.jpeg, def
train_def_2703.jpeg, def
train_def_2704.jpeg, def
train_def_2705.jpeg, def
train_def_2706.jpeg, def
train_def_2707.jpeg, def
train_def_2708.jpeg, def
train_def_2709.jpeg, def
train_def_2710.jpeg, def
train_def_2711.jpeg, def
train_def_2712.jpeg, def
train_def_2713.jpeg, def
train_def_2714.jpeg, def
train_def_2715.jpeg, def
train_def_2716.jpeg, def
train_def_2717.jpeg, def
train_def_2718.jpeg, def
train_def_2719.jpeg, def
train_def_2720.jpeg, def
train_def_2721.jpeg, def
train_def_2722.jpeg, def
train_def_2723.jpeg, def
train_def_2724.jpeg, def
train_def_2725.jpeg, def
train_def_2726.jpeg, def
train_def_2727.jpeg, def
train_def_2728.jpeg, def
train_def_2729.jpeg, def
train_def_2730.jpeg, def
train_def_2731.jpeg, def
train_def_2732.jpeg, def
train_def_2733.jpeg, def
train_def_2734.jpeg, def
train_def_2735.jpeg, def
train_def_2736.jpeg, def
train_def_2737.jpeg, def
train_def_2738.jpeg, def
train_def_2739.jpeg, def
train_def_2740.jpeg, def
train_def_2741.jpeg, def
train_def_2742.jpeg, def
train_def_2743.jpeg, def
train_def_2744.jpeg, def
train_def_2745.jpeg, def
train_def_2746.jpeg, def
train_def_2747.jpeg, def
train_def_2748.jpeg, def
train_def_2749.jpeg, def
train_def_2750.jpeg, def
train_def_2751.jpeg, def
train_def_2752.jpeg, def
train_def_2753.jpeg, def
train_def_2754.jpeg, def
train_def_2755.jpeg, def
train_def_2756.jpeg, def
train_def_2757.jpeg, def
train_def_2758.jpeg, def
train_def_2759.jpeg, def
train_def_2760.jpeg, def
train_def_2761.jpeg, def
train_def_2762.jpeg, def
train_def_2763.jpeg, def
train_def_2764.jpeg, def
train_def_2765.jpeg, def
train_def_2766.jpeg, def
train_def_2767.jpeg, def
train_def_2768.jpeg, def
train_def_2769.jpeg, def
train_def_2770.jpeg, def
train_def_2771.jpeg, def
train_def_2772.jpeg, def
train_def_2773.jpeg, def
train_def_2774.jpeg, def
train_def_2775.jpeg, def
train_def_2776.jpeg, def
train_def_2777.jpeg, def
train_def_2778.jpeg, def
train_def_2779.jpeg, def
train_def_2780.jpeg, def
train_def_2781.jpeg, def
train_def_2782.jpeg, def
train_def_2783.jpeg, def
train_def_2784.jpeg, def
train_def_2785.jpeg, def
train_def_2786.jpeg, def
train_def_2787.jpeg, def
train_def_2788.jpeg, def
train_def_2789.jpeg, def
train_def_2790.jpeg, def
train_def_2791.jpeg, def
train_def_2792.jpeg, def
train_def_2793.jpeg, def
train_def_2794.jpeg, def
train_def_2795.jpeg, def
train_def_2796.jpeg, def
train_def_2797.jpeg, def
train_def_2798.jpeg, def
train_def_2799.jpeg, def
train_def_2800.jpeg, def
train_def_2801.jpeg, def
train_def_2802.jpeg, def
train_def_2803.jpeg, def
train_def_2804.jpeg, def
train_def_2805.jpeg, def
train_def_2806.jpeg, def
train_def_2807.jpeg, def
train_def_2808.jpeg, def
train_def_2809.jpeg, def
train_def_2810.jpeg, def
train_def_2811.jpeg, def
train_def_2812.jpeg, def
train_def_2813.jpeg, def
train_def_2814.jpeg, def
train_def_2815.jpeg, def
train_def_2816.jpeg, def
train_def_2817.jpeg, def
train_def_2818.jpeg, def
train_def_2819.jpeg, def
train_def_2820.jpeg, def
train_def_2821.jpeg, def
train_def_2822.jpeg, def
train_def_2823.jpeg, def
train_def_2824.jpeg, def
train_def_2825.jpeg, def
train_def_2826.jpeg, def
train_def_2827.jpeg, def
train_def_2828.jpeg, def
train_def_2829.jpeg, def
train_def_2830.jpeg, def
train_def_2831.jpeg, def
train_def_2832.jpeg, def
train_def_2833.jpeg, def
train_def_2834.jpeg, def
train_def_2835.jpeg, def
train_def_2836.jpeg, def
train_def_2837.jpeg, def
train_def_2838.jpeg, def
train_def_2839.jpeg, def
train_def_2840.jpeg, def
train_def_2841.jpeg, def
train_def_2842.jpeg, def
train_def_2843.jpeg, def
train_def_2844.jpeg, def
train_def_2845.jpeg, def
train_def_2846.jpeg, def
train_def_2847.jpeg, def
train_def_2848.jpeg, def
train_def_2849.jpeg, def
train_def_2850.jpeg, def
train_def_2851.jpeg, def
train_def_2852.jpeg, def
train_def_2853.jpeg, def
train_def_2854.jpeg, def
train_def_2855.jpeg, def
train_def_2856.jpeg, def
train_def_2857.jpeg, def
train_def_2858.jpeg, def
train_def_2859.jpeg, def
train_def_2860.jpeg, def
train_def_2861.jpeg, def
train_def_2862.jpeg, def
train_def_2863.jpeg, def
train_def_2864.jpeg, def
train_def_2865.jpeg, def
train_def_2866.jpeg, def
train_def_2867.jpeg, def
train_def_2868.jpeg, def
train_def_2869.jpeg, def
train_def_2870.jpeg, def
train_def_2871.jpeg, def
train_def_2872.jpeg, def
train_def_2873.jpeg, def
train_def_2874.jpeg, def
train_def_2875.jpeg, def
train_def_2876.jpeg, def
train_def_2877.jpeg, def
train_def_2878.jpeg, def
train_def_2879.jpeg, def
train_def_2880.jpeg, def
train_def_2881.jpeg, def
train_def_2882.jpeg, def
train_def_2883.jpeg, def
train_def_2884.jpeg, def
train_def_2885.jpeg, def
train_def_2886.jpeg, def
train_def_2887.jpeg, def
train_def_2888.jpeg, def
train_def_2889.jpeg, def
train_def_2890.jpeg, def
train_def_2891.jpeg, def
train_def_2892.jpeg, def
train_def_2893.jpeg, def
train_def_2894.jpeg, def
train_def_2895.jpeg, def
train_def_2896.jpeg, def
train_def_2897.jpeg, def
train_def_2898.jpeg, def
train_def_2899.jpeg, def
train_def_2900.jpeg, def
train_def_2901.jpeg, def
train_def_2902.jpeg, def
train_def_2903.jpeg, def
train_def_2904.jpeg, def
train_def_2905.jpeg, def
train_def_2906.jpeg, def
train_def_2907.jpeg, def
train_def_2908.jpeg, def
train_def_2909.jpeg, def
train_def_2910.jpeg, def
train_def_2911.jpeg, def
train_def_2912.jpeg, def
train_def_2913.jpeg, def
train_def_2914.jpeg, def
train_def_2915.jpeg, def
train_def_2916.jpeg, def
train_def_2917.jpeg, def
train_def_2918.jpeg, def
train_def_2919.jpeg, def
train_def_2920.jpeg, def
train_def_2921.jpeg, def
train_def_2922.jpeg, def
train_def_2923.jpeg, def
train_def_2924.jpeg, def
train_def_2925.jpeg, def
train_def_2926.jpeg, def
train_def_2927.jpeg, def
train_def_2928.jpeg, def
train_def_2929.jpeg, def
train_def_2930.jpeg, def
train_def_2931.jpeg, def
train_def_2932.jpeg, def
train_def_2933.jpeg, def
train_def_2934.jpeg, def
train_def_2935.jpeg, def
train_def_2936.jpeg, def
train_def_2937.jpeg, def
train_def_2938.jpeg, def
train_def_2939.jpeg, def
train_def_2940.jpeg, def
train_def_2941.jpeg, def
train_def_2942.jpeg, def
train_def_2943.jpeg, def
train_def_2944.jpeg, def
train_def_2945.jpeg, def
train_def_2946.jpeg, def
train_def_2947.jpeg, def
train_def_2948.jpeg, def
train_def_2949.jpeg, def
train_def_2950.jpeg, def
train_def_2951.jpeg, def
train_def_2952.jpeg, def
train_def_2953.jpeg, def
train_def_2954.jpeg, def
train_def_2955.jpeg, def
train_def_2956.jpeg, def
train_def_2957.jpeg, def
train_def_2958.jpeg, def
train_def_2959.jpeg, def
train_def_2960.jpeg, def
train_def_2961.jpeg, def
train_def_2962.jpeg, def
train_def_2963.jpeg, def
train_def_2964.jpeg, def
train_def_2965.jpeg, def
train_def_2966.jpeg, def
train_def_2967.jpeg, def
train_def_2968.jpeg, def
train_def_2969.jpeg, def
train_def_2970.jpeg, def
train_def_2971.jpeg, def
train_def_2972.jpeg, def
train_def_2973.jpeg, def
train_def_2974.jpeg, def
train_def_2975.jpeg, def
train_def_2976.jpeg, def
train_def_2977.jpeg, def
train_def_2978.jpeg, def
train_def_2979.jpeg, def
train_def_2980.jpeg, def
train_def_2981.jpeg, def
train_def_2982.jpeg, def
train_def_2983.jpeg, def
train_def_2984.jpeg, def
train_def_2985.jpeg, def
train_def_2986.jpeg, def
train_def_2987.jpeg, def
train_def_2988.jpeg, def
train_def_2989.jpeg, def
train_def_2990.jpeg, def
train_def_2991.jpeg, def
train_def_2992.jpeg, def
train_def_2993.jpeg, def
train_def_2994.jpeg, def
train_def_2995.jpeg, def
train_def_2996.jpeg, def
train_def_2997.jpeg, def
train_def_2998.jpeg, def
train_def_2999.jpeg, def
train_def_3000.jpeg, def
train_def_3001.jpeg, def
train_def_3002.jpeg, def
train_def_3003.jpeg, def
train_def_3004.jpeg, def
train_def_3005.jpeg, def
train_def_3006.jpeg, def
train_def_3007.jpeg, def
train_def_3008.jpeg, def
train_def_3009.jpeg, def
train_def_3010.jpeg, def
train_def_3011.jpeg, def
train_def_3012.jpeg, def
train_def_3013.jpeg, def
train_def_3014.jpeg, def
train_def_3015.jpeg, def
train_def_3016.jpeg, def
train_def_3017.jpeg, def
train_def_3018.jpeg, def
train_def_3019.jpeg, def
train_def_3020.jpeg, def
train_def_3021.jpeg, def
train_def_3022.jpeg, def
train_def_3023.jpeg, def
train_def_3024.jpeg, def
train_def_3025.jpeg, def
train_def_3026.jpeg, def
train_def_3027.jpeg, def
train_def_3028.jpeg, def
train_def_3029.jpeg, def
train_def_3030.jpeg, def
train_def_3031.jpeg, def
train_def_3032.jpeg, def
train_def_3033.jpeg, def
train_def_3034.jpeg, def
train_def_3035.jpeg, def
train_def_3036.jpeg, def
train_def_3037.jpeg, def
train_def_3038.jpeg, def
train_def_3039.jpeg, def
train_def_3040.jpeg, def
train_def_3041.jpeg, def
train_def_3042.jpeg, def
train_def_3043.jpeg, def
train_def_3044.jpeg, def
train_def_3045.jpeg, def
train_def_3046.jpeg, def
train_def_3047.jpeg, def
train_def_3048.jpeg, def
train_def_3049.jpeg, def
train_def_3050.jpeg, def
train_def_3051.jpeg, def
train_def_3052.jpeg, def
train_def_3053.jpeg, def
train_def_3054.jpeg, def
train_def_3055.jpeg, def
train_def_3056.jpeg, def
train_def_3057.jpeg, def
train_def_3058.jpeg, def
train_def_3059.jpeg, def
train_def_3060.jpeg, def
train_def_3061.jpeg, def
train_def_3062.jpeg, def
train_def_3063.jpeg, def
train_def_3064.jpeg, def
train_def_3065.jpeg, def
train_def_3066.jpeg, def
train_def_3067.jpeg, def
train_def_3068.jpeg, def
train_def_3069.jpeg, def
train_def_3070.jpeg, def
train_def_3071.jpeg, def
train_def_3072.jpeg, def
train_def_3073.jpeg, def
train_def_3074.jpeg, def
train_def_3075.jpeg, def
train_def_3076.jpeg, def
train_def_3077.jpeg, def
train_def_3078.jpeg, def
train_def_3079.jpeg, def
train_def_3080.jpeg, def
train_def_3081.jpeg, def
train_def_3082.jpeg, def
train_def_3083.jpeg, def
train_def_3084.jpeg, def
train_def_3085.jpeg, def
train_def_3086.jpeg, def
train_def_3087.jpeg, def
train_def_3088.jpeg, def
train_def_3089.jpeg, def
train_def_3090.jpeg, def
train_def_3091.jpeg, def
train_def_3092.jpeg, def
train_def_3093.jpeg, def
train_def_3094.jpeg, def
train_def_3095.jpeg, def
train_def_3096.jpeg, def
train_def_3097.jpeg, def
train_def_3098.jpeg, def
train_def_3099.jpeg, def
train_def_3100.jpeg, def
train_def_3101.jpeg, def
train_def_3102.jpeg, def
train_def_3103.jpeg, def
train_def_3104.jpeg, def
train_def_3105.jpeg, def
train_def_3106.jpeg, def
train_def_3107.jpeg, def
train_def_3108.jpeg, def
train_def_3109.jpeg, def
train_def_3110.jpeg, def
train_def_3111.jpeg, def
train_def_3112.jpeg, def
train_def_3113.jpeg, def
train_def_3114.jpeg, def
train_def_3115.jpeg, def
train_def_3116.jpeg, def
train_def_3117.jpeg, def
train_def_3118.jpeg, def
train_def_3119.jpeg, def
train_def_3120.jpeg, def
train_def_3121.jpeg, def
train_def_3122.jpeg, def
train_def_3123.jpeg, def
train_def_3124.jpeg, def
train_def_3125.jpeg, def
train_def_3126.jpeg, def
train_def_3127.jpeg, def
train_def_3128.jpeg, def
train_def_3129.jpeg, def
train_def_3130.jpeg, def
train_def_3131.jpeg, def
train_def_3132.jpeg, def
train_def_3133.jpeg, def
train_def_3134.jpeg, def
train_def_3135.jpeg, def
train_def_3136.jpeg, def
train_def_3137.jpeg, def
train_def_3138.jpeg, def
train_def_3139.jpeg, def
train_def_3140.jpeg, def
train_def_3141.jpeg, def
train_def_3142.jpeg, def
train_def_3143.jpeg, def
train_def_3144.jpeg, def
train_def_3145.jpeg, def
train_def_3146.jpeg, def
train_def_3147.jpeg, def
train_def_3148.jpeg, def
train_def_3149.jpeg, def
train_def_3150.jpeg, def
train_def_3151.jpeg, def
train_def_3152.jpeg, def
train_def_3153.jpeg, def
train_def_3154.jpeg, def
train_def_3155.jpeg, def
train_def_3156.jpeg, def
train_def_3157.jpeg, def
train_def_3158.jpeg, def
train_def_3159.jpeg, def
train_def_3160.jpeg, def
train_def_3161.jpeg, def
train_def_3162.jpeg, def
train_def_3163.jpeg, def
train_def_3164.jpeg, def
train_def_3165.jpeg, def
train_def_3166.jpeg, def
train_def_3167.jpeg, def
train_def_3168.jpeg, def
train_def_3169.jpeg, def
train_def_3170.jpeg, def
train_def_3171.jpeg, def
train_def_3172.jpeg, def
train_def_3173.jpeg, def
train_def_3174.jpeg, def
train_def_3175.jpeg, def
train_def_3176.jpeg, def
train_def_3177.jpeg, def
train_def_3178.jpeg, def
train_def_3179.jpeg, def
train_def_3180.jpeg, def
train_def_3181.jpeg, def
train_def_3182.jpeg, def
train_def_3183.jpeg, def
train_def_3184.jpeg, def
train_def_3185.jpeg, def
train_def_3186.jpeg, def
train_def_3187.jpeg, def
train_def_3188.jpeg, def
train_def_3189.jpeg, def
train_def_3190.jpeg, def
train_def_3191.jpeg, def
train_def_3192.jpeg, def
train_def_3193.jpeg, def
train_def_3194.jpeg, def
train_def_3195.jpeg, def
train_def_3196.jpeg, def
train_def_3197.jpeg, def
train_def_3198.jpeg, def
train_def_3199.jpeg, def
train_def_3200.jpeg, def
train_def_3201.jpeg, def
train_def_3202.jpeg, def
train_def_3203.jpeg, def
train_def_3204.jpeg, def
train_def_3205.jpeg, def
train_def_3206.jpeg, def
train_def_3207.jpeg, def
train_def_3208.jpeg, def
train_def_3209.jpeg, def
train_def_3210.jpeg, def
train_def_3211.jpeg, def
train_def_3212.jpeg, def
train_def_3213.jpeg, def
train_def_3214.jpeg, def
train_def_3215.jpeg, def
train_def_3216.jpeg, def
train_def_3217.jpeg, def
train_def_3218.jpeg, def
train_def_3219.jpeg, def
train_def_3220.jpeg, def
train_def_3221.jpeg, def
train_def_3222.jpeg, def
train_def_3223.jpeg, def
train_def_3224.jpeg, def
train_def_3225.jpeg, def
train_def_3226.jpeg, def
train_def_3227.jpeg, def
train_def_3228.jpeg, def
train_def_3229.jpeg, def
train_def_3230.jpeg, def
train_def_3231.jpeg, def
train_def_3232.jpeg, def
train_def_3233.jpeg, def
train_def_3234.jpeg, def
train_def_3235.jpeg, def
train_def_3236.jpeg, def
train_def_3237.jpeg, def
train_def_3238.jpeg, def
train_def_3239.jpeg, def
train_def_3240.jpeg, def
train_def_3241.jpeg, def
train_def_3242.jpeg, def
train_def_3243.jpeg, def
train_def_3244.jpeg, def
train_def_3245.jpeg, def
train_def_3246.jpeg, def
train_def_3247.jpeg, def
train_def_3248.jpeg, def
train_def_3249.jpeg, def
train_def_3250.jpeg, def
train_def_3251.jpeg, def
train_def_3252.jpeg, def
train_def_3253.jpeg, def
train_def_3254.jpeg, def
train_def_3255.jpeg, def
train_def_3256.jpeg, def
train_def_3257.jpeg, def
train_def_3258.jpeg, def
train_def_3259.jpeg, def
train_def_3260.jpeg, def
train_def_3261.jpeg, def
train_def_3262.jpeg, def
train_def_3263.jpeg, def
train_def_3264.jpeg, def
train_def_3265.jpeg, def
train_def_3266.jpeg, def
train_def_3267.jpeg, def
train_def_3268.jpeg, def
train_def_3269.jpeg, def
train_def_3270.jpeg, def
train_def_3271.jpeg, def
train_def_3272.jpeg, def
train_def_3273.jpeg, def
train_def_3274.jpeg, def
train_def_3275.jpeg, def
train_def_3276.jpeg, def
train_def_3277.jpeg, def
train_def_3278.jpeg, def
train_def_3279.jpeg, def
train_def_3280.jpeg, def
train_def_3281.jpeg, def
train_def_3282.jpeg, def
train_def_3283.jpeg, def
train_def_3284.jpeg, def
train_def_3285.jpeg, def
train_def_3286.jpeg, def
train_def_3287.jpeg, def
train_def_3288.jpeg, def
train_def_3289.jpeg, def
train_def_3290.jpeg, def
train_def_3291.jpeg, def
train_def_3292.jpeg, def
train_def_3293.jpeg, def
train_def_3294.jpeg, def
train_def_3295.jpeg, def
train_def_3296.jpeg, def
train_def_3297.jpeg, def
train_def_3298.jpeg, def
train_def_3299.jpeg, def
train_def_3300.jpeg, def
train_def_3301.jpeg, def
train_def_3302.jpeg, def
train_def_3303.jpeg, def
train_def_3304.jpeg, def
train_def_3305.jpeg, def
train_def_3306.jpeg, def
train_def_3307.jpeg, def
train_def_3308.jpeg, def
train_def_3309.jpeg, def
train_def_3310.jpeg, def
train_def_3311.jpeg, def
train_def_3312.jpeg, def
train_def_3313.jpeg, def
train_def_3314.jpeg, def
train_def_3315.jpeg, def
train_def_3316.jpeg, def
train_def_3317.jpeg, def
train_def_3318.jpeg, def
train_def_3319.jpeg, def
train_def_3320.jpeg, def
train_def_3321.jpeg, def
train_def_3322.jpeg, def
train_def_3323.jpeg, def
train_def_3324.jpeg, def
train_def_3325.jpeg, def
train_def_3326.jpeg, def
train_def_3327.jpeg, def
train_def_3328.jpeg, def
train_def_3329.jpeg, def
train_def_3330.jpeg, def
train_def_3331.jpeg, def
train_def_3332.jpeg, def
train_def_3333.jpeg, def
train_def_3334.jpeg, def
train_def_3335.jpeg, def
train_def_3336.jpeg, def
train_def_3337.jpeg, def
train_def_3338.jpeg, def
train_def_3339.jpeg, def
train_def_3340.jpeg, def
train_def_3341.jpeg, def
train_def_3342.jpeg, def
train_def_3343.jpeg, def
train_def_3344.jpeg, def
train_def_3345.jpeg, def
train_def_3346.jpeg, def
train_def_3347.jpeg, def
train_def_3348.jpeg, def
train_def_3349.jpeg, def
train_def_3350.jpeg, def
train_def_3351.jpeg, def
train_def_3352.jpeg, def
train_def_3353.jpeg, def
train_def_3354.jpeg, def
train_def_3355.jpeg, def
train_def_3356.jpeg, def
train_def_3357.jpeg, def
train_def_3358.jpeg, def
train_def_3359.jpeg, def
train_def_3360.jpeg, def
train_def_3361.jpeg, def
train_def_3362.jpeg, def
train_def_3363.jpeg, def
train_def_3364.jpeg, def
train_def_3365.jpeg, def
train_def_3366.jpeg, def
train_def_3367.jpeg, def
train_def_3368.jpeg, def
train_def_3369.jpeg, def
train_def_3370.jpeg, def
train_def_3371.jpeg, def
train_def_3372.jpeg, def
train_def_3373.jpeg, def
train_def_3374.jpeg, def
train_def_3375.jpeg, def
train_def_3376.jpeg, def
train_def_3377.jpeg, def
train_def_3378.jpeg, def
train_def_3379.jpeg, def
train_def_3380.jpeg, def
train_def_3381.jpeg, def
train_def_3382.jpeg, def
train_def_3383.jpeg, def
train_def_3384.jpeg, def
train_def_3385.jpeg, def
train_def_3386.jpeg, def
train_def_3387.jpeg, def
train_def_3388.jpeg, def
train_def_3389.jpeg, def
train_def_3390.jpeg, def
train_def_3391.jpeg, def
train_def_3392.jpeg, def
train_def_3393.jpeg, def
train_def_3394.jpeg, def
train_def_3395.jpeg, def
train_def_3396.jpeg, def
train_def_3397.jpeg, def
train_def_3398.jpeg, def
train_def_3399.jpeg, def
train_def_3400.jpeg, def
train_def_3401.jpeg, def
train_def_3402.jpeg, def
train_def_3403.jpeg, def
train_def_3404.jpeg, def
train_def_3405.jpeg, def
train_def_3406.jpeg, def
train_def_3407.jpeg, def
train_def_3408.jpeg, def
train_def_3409.jpeg, def
train_def_3410.jpeg, def
train_def_3411.jpeg, def
train_def_3412.jpeg, def
train_def_3413.jpeg, def
train_def_3414.jpeg, def
train_def_3415.jpeg, def
train_def_3416.jpeg, def
train_def_3417.jpeg, def
train_def_3418.jpeg, def
train_def_3419.jpeg, def
train_def_3420.jpeg, def
train_def_3421.jpeg, def
train_def_3422.jpeg, def
train_def_3423.jpeg, def
train_def_3424.jpeg, def
train_def_3425.jpeg, def
train_def_3426.jpeg, def
train_def_3427.jpeg, def
train_def_3428.jpeg, def
train_def_3429.jpeg, def
train_def_3430.jpeg, def
train_def_3431.jpeg, def
train_def_3432.jpeg, def
train_def_3433.jpeg, def
train_def_3434.jpeg, def
train_def_3435.jpeg, def
train_def_3436.jpeg, def
train_def_3437.jpeg, def
train_def_3438.jpeg, def
train_def_3439.jpeg, def
train_def_3440.jpeg, def
train_def_3441.jpeg, def
train_def_3442.jpeg, def
train_def_3443.jpeg, def
train_def_3444.jpeg, def
train_def_3445.jpeg, def
train_def_3446.jpeg, def
train_def_3447.jpeg, def
train_def_3448.jpeg, def
train_def_3449.jpeg, def
train_def_3450.jpeg, def
train_def_3451.jpeg, def
train_def_3452.jpeg, def
train_def_3453.jpeg, def
train_def_3454.jpeg, def
train_def_3455.jpeg, def
train_def_3456.jpeg, def
train_def_3457.jpeg, def
train_def_3458.jpeg, def
train_def_3459.jpeg, def
train_def_3460.jpeg, def
train_def_3461.jpeg, def
train_def_3462.jpeg, def
train_def_3463.jpeg, def
train_def_3464.jpeg, def
train_def_3465.jpeg, def
train_def_3466.jpeg, def
train_def_3467.jpeg, def
train_def_3468.jpeg, def
train_def_3469.jpeg, def
train_def_3470.jpeg, def
train_def_3471.jpeg, def
train_def_3472.jpeg, def
train_def_3473.jpeg, def
train_def_3474.jpeg, def
train_def_3475.jpeg, def
train_def_3476.jpeg, def
train_def_3477.jpeg, def
train_def_3478.jpeg, def
train_def_3479.jpeg, def
train_def_3480.jpeg, def
train_def_3481.jpeg, def
train_def_3482.jpeg, def
train_def_3483.jpeg, def
train_def_3484.jpeg, def
train_def_3485.jpeg, def
train_def_3486.jpeg, def
train_def_3487.jpeg, def
train_def_3488.jpeg, def
train_def_3489.jpeg, def
train_def_3490.jpeg, def
train_def_3491.jpeg, def
train_def_3492.jpeg, def
train_def_3493.jpeg, def
train_def_3494.jpeg, def
train_def_3495.jpeg, def
train_def_3496.jpeg, def
train_def_3497.jpeg, def
train_def_3498.jpeg, def
train_def_3499.jpeg, def
train_def_3500.jpeg, def
train_def_3501.jpeg, def
train_def_3502.jpeg, def
train_def_3503.jpeg, def
train_def_3504.jpeg, def
train_def_3505.jpeg, def
train_def_3506.jpeg, def
train_def_3507.jpeg, def
train_def_3508.jpeg, def
train_def_3509.jpeg, def
train_def_3510.jpeg, def
train_def_3511.jpeg, def
train_def_3512.jpeg, def
train_def_3513.jpeg, def
train_def_3514.jpeg, def
train_def_3515.jpeg, def
train_def_3516.jpeg, def
train_def_3517.jpeg, def
train_def_3518.jpeg, def
train_def_3519.jpeg, def
train_def_3520.jpeg, def
train_def_3521.jpeg, def
train_def_3522.jpeg, def
train_def_3523.jpeg, def
train_def_3524.jpeg, def
train_def_3525.jpeg, def
train_def_3526.jpeg, def
train_def_3527.jpeg, def
train_def_3528.jpeg, def
train_def_3529.jpeg, def
train_def_3530.jpeg, def
train_def_3531.jpeg, def
train_def_3532.jpeg, def
train_def_3533.jpeg, def
train_def_3534.jpeg, def
train_def_3535.jpeg, def
train_def_3536.jpeg, def
train_def_3537.jpeg, def
train_def_3538.jpeg, def
train_def_3539.jpeg, def
train_def_3540.jpeg, def
train_def_3541.jpeg, def
train_def_3542.jpeg, def
train_def_3543.jpeg, def
train_def_3544.jpeg, def
train_def_3545.jpeg, def
train_def_3546.jpeg, def
train_def_3547.jpeg, def
train_def_3548.jpeg, def
train_def_3549.jpeg, def
train_def_3550.jpeg, def
train_def_3551.jpeg, def
train_def_3552.jpeg, def
train_def_3553.jpeg, def
train_def_3554.jpeg, def
train_def_3555.jpeg, def
train_def_3556.jpeg, def
train_def_3557.jpeg, def
train_def_3558.jpeg, def
train_def_3559.jpeg, def
train_def_3560.jpeg, def
train_def_3561.jpeg, def
train_def_3562.jpeg, def
train_def_3563.jpeg, def
train_def_3564.jpeg, def
train_def_3565.jpeg, def
train_def_3566.jpeg, def
train_def_3567.jpeg, def
train_def_3568.jpeg, def
train_def_3569.jpeg, def
train_def_3570.jpeg, def
train_def_3571.jpeg, def
train_def_3572.jpeg, def
train_def_3573.jpeg, def
train_def_3574.jpeg, def
train_def_3575.jpeg, def
train_def_3576.jpeg, def
train_def_3577.jpeg, def
train_def_3578.jpeg, def
train_def_3579.jpeg, def
train_def_3580.jpeg, def
train_def_3581.jpeg, def
train_def_3582.jpeg, def
train_def_3583.jpeg, def
train_def_3584.jpeg, def
train_def_3585.jpeg, def
train_def_3586.jpeg, def
train_def_3587.jpeg, def
train_def_3588.jpeg, def
train_def_3589.jpeg, def
train_def_3590.jpeg, def
train_def_3591.jpeg, def
train_def_3592.jpeg, def
train_def_3593.jpeg, def
train_def_3594.jpeg, def
train_def_3595.jpeg, def
train_def_3596.jpeg, def
train_def_3597.jpeg, def
train_def_3598.jpeg, def
train_def_3599.jpeg, def
train_def_3600.jpeg, def
train_def_3601.jpeg, def
train_def_3602.jpeg, def
train_def_3603.jpeg, def
train_def_3604.jpeg, def
train_def_3605.jpeg, def
train_def_3606.jpeg, def
train_def_3607.jpeg, def
train_def_3608.jpeg, def
train_def_3609.jpeg, def
train_def_3610.jpeg, def
train_def_3611.jpeg, def
train_def_3612.jpeg, def
train_def_3613.jpeg, def
train_def_3614.jpeg, def
train_def_3615.jpeg, def
train_def_3616.jpeg, def
train_def_3617.jpeg, def
train_def_3618.jpeg, def
train_def_3619.jpeg, def
train_def_3620.jpeg, def
train_def_3621.jpeg, def
train_def_3622.jpeg, def
train_def_3623.jpeg, def
train_def_3624.jpeg, def
train_def_3625.jpeg, def
train_def_3626.jpeg, def
train_def_3627.jpeg, def
train_def_3628.jpeg, def
train_def_3629.jpeg, def
train_def_3630.jpeg, def
train_def_3631.jpeg, def
train_def_3632.jpeg, def
train_def_3633.jpeg, def
train_def_3634.jpeg, def
train_def_3635.jpeg, def
train_def_3636.jpeg, def
train_def_3637.jpeg, def
train_def_3638.jpeg, def
train_def_3639.jpeg, def
train_def_3640.jpeg, def
train_def_3641.jpeg, def
train_def_3642.jpeg, def
train_def_3643.jpeg, def
train_def_3644.jpeg, def
train_def_3645.jpeg, def
train_def_3646.jpeg, def
train_def_3647.jpeg, def
train_def_3648.jpeg, def
train_def_3649.jpeg, def
train_def_3650.jpeg, def
train_def_3651.jpeg, def
train_def_3652.jpeg, def
train_def_3653.jpeg, def
train_def_3654.jpeg, def
train_def_3655.jpeg, def
train_def_3656.jpeg, def
train_def_3657.jpeg, def
train_def_3658.jpeg, def
train_def_3659.jpeg, def
train_def_3660.jpeg, def
train_def_3661.jpeg, def
train_def_3662.jpeg, def
train_def_3663.jpeg, def
train_def_3664.jpeg, def
train_def_3665.jpeg, def
train_def_3666.jpeg, def
train_def_3667.jpeg, def
train_def_3668.jpeg, def
train_def_3669.jpeg, def
train_def_3670.jpeg, def
train_def_3671.jpeg, def
train_def_3672.jpeg, def
train_def_3673.jpeg, def
train_def_3674.jpeg, def
train_def_3675.jpeg, def
train_def_3676.jpeg, def
train_def_3677.jpeg, def
train_def_3678.jpeg, def
train_def_3679.jpeg, def
train_def_3680.jpeg, def
train_def_3681.jpeg, def
train_def_3682.jpeg, def
train_def_3683.jpeg, def
train_def_3684.jpeg, def
train_def_3685.jpeg, def
train_def_3686.jpeg, def
train_def_3687.jpeg, def
train_def_3688.jpeg, def
train_def_3689.jpeg, def
train_def_3690.jpeg, def
train_def_3691.jpeg, def
train_def_3692.jpeg, def
train_def_3693.jpeg, def
train_def_3694.jpeg, def
train_def_3695.jpeg, def
train_def_3696.jpeg, def
train_def_3697.jpeg, def
train_def_3698.jpeg, def
train_def_3699.jpeg, def
train_def_3700.jpeg, def
train_def_3701.jpeg, def
train_def_3702.jpeg, def
train_def_3703.jpeg, def
train_def_3704.jpeg, def
train_def_3705.jpeg, def
train_def_3706.jpeg, def
train_def_3707.jpeg, def
train_def_3708.jpeg, def
train_def_3709.jpeg, def
train_def_3710.jpeg, def
train_def_3711.jpeg, def
train_def_3712.jpeg, def
train_def_3713.jpeg, def
train_def_3714.jpeg, def
train_def_3715.jpeg, def
train_def_3716.jpeg, def
train_def_3717.jpeg, def
train_def_3718.jpeg, def
train_def_3719.jpeg, def
train_def_3720.jpeg, def
train_def_3721.jpeg, def
train_def_3722.jpeg, def
train_def_3723.jpeg, def
train_def_3724.jpeg, def
train_def_3725.jpeg, def
train_def_3726.jpeg, def
train_def_3727.jpeg, def
train_def_3728.jpeg, def
train_def_3729.jpeg, def
train_def_3730.jpeg, def
train_def_3731.jpeg, def
train_def_3732.jpeg, def
train_def_3733.jpeg, def
train_def_3734.jpeg, def
train_def_3735.jpeg, def
train_def_3736.jpeg, def
train_def_3737.jpeg, def
train_def_3738.jpeg, def
train_def_3739.jpeg, def
train_def_3740.jpeg, def
train_def_3741.jpeg, def
train_def_3742.jpeg, def
train_def_3743.jpeg, def
train_def_3744.jpeg, def
train_def_3745.jpeg, def
train_def_3746.jpeg, def
train_def_3747.jpeg, def
train_def_3748.jpeg, def
train_def_3749.jpeg, def
train_def_3750.jpeg, def
train_def_3751.jpeg, def
train_def_3752.jpeg, def
train_def_3753.jpeg, def
train_def_3754.jpeg, def
train_def_3755.jpeg, def
train_def_3756.jpeg, def
train_def_3757.jpeg, def
