train_ok_0.jpeg, ok
train_ok_1.jpeg, ok
train_ok_2.jpeg, ok
train_ok_3.jpeg, ok
train_ok_4.jpeg, ok
train_ok_5.jpeg, ok
train_ok_6.jpeg, ok
train_ok_7.jpeg, ok
train_ok_8.jpeg, ok
train_ok_9.jpeg, ok
train_ok_10.jpeg, ok
train_ok_11.jpeg, ok
train_ok_12.jpeg, ok
train_ok_13.jpeg, ok
train_ok_14.jpeg, ok
train_ok_15.jpeg, ok
train_ok_16.jpeg, ok
train_ok_17.jpeg, ok
train_ok_18.jpeg, ok
train_ok_19.jpeg, ok
train_ok_20.jpeg, ok
train_ok_21.jpeg, ok
train_ok_22.jpeg, ok
train_ok_23.jpeg, ok
train_ok_24.jpeg, ok
train_ok_25.jpeg, ok
train_ok_26.jpeg, ok
train_ok_27.jpeg, ok
train_ok_28.jpeg, ok
train_ok_29.jpeg, ok
train_ok_30.jpeg, ok
train_ok_31.jpeg, ok
train_ok_32.jpeg, ok
train_ok_33.jpeg, ok
train_ok_34.jpeg, ok
train_ok_35.jpeg, ok
train_ok_36.jpeg, ok
train_ok_37.jpeg, ok
train_ok_38.jpeg, ok
train_ok_39.jpeg, ok
train_ok_40.jpeg, ok
train_ok_41.jpeg, ok
train_ok_42.jpeg, ok
train_ok_43.jpeg, ok
train_ok_44.jpeg, ok
train_ok_45.jpeg, ok
train_ok_46.jpeg, ok
train_ok_47.jpeg, ok
train_ok_48.jpeg, ok
train_ok_49.jpeg, ok
train_ok_50.jpeg, ok
train_ok_51.jpeg, ok
train_ok_52.jpeg, ok
train_ok_53.jpeg, ok
train_ok_54.jpeg, ok
train_ok_55.jpeg, ok
train_ok_56.jpeg, ok
train_ok_57.jpeg, ok
train_ok_58.jpeg, ok
train_ok_59.jpeg, ok
train_ok_60.jpeg, ok
train_ok_61.jpeg, ok
train_ok_62.jpeg, ok
train_ok_63.jpeg, ok
train_ok_64.jpeg, ok
train_ok_65.jpeg, ok
train_ok_66.jpeg, ok
train_ok_67.jpeg, ok
train_ok_68.jpeg, ok
train_ok_69.jpeg, ok
train_ok_70.jpeg, ok
train_ok_71.jpeg, ok
train_ok_72.jpeg, ok
train_ok_73.jpeg, ok
train_ok_74.jpeg, ok
train_ok_75.jpeg, ok
train_ok_76.jpeg, ok
train_ok_77.jpeg, ok
train_ok_78.jpeg, ok
train_ok_79.jpeg, ok
train_ok_80.jpeg, ok
train_ok_81.jpeg, ok
train_ok_82.jpeg, ok
train_ok_83.jpeg, ok
train_ok_84.jpeg, ok
train_ok_85.jpeg, ok
train_ok_86.jpeg, ok
train_ok_87.jpeg, ok
train_ok_88.jpeg, ok
train_ok_89.jpeg, ok
train_ok_90.jpeg, ok
train_ok_91.jpeg, ok
train_ok_92.jpeg, ok
train_ok_93.jpeg, ok
train_ok_94.jpeg, ok
train_ok_95.jpeg, ok
train_ok_96.jpeg, ok
train_ok_97.jpeg, ok
train_ok_98.jpeg, ok
train_ok_99.jpeg, ok
train_ok_100.jpeg, ok
train_ok_101.jpeg, ok
train_ok_102.jpeg, ok
train_ok_103.jpeg, ok
train_ok_104.jpeg, ok
train_ok_105.jpeg, ok
train_ok_106.jpeg, ok
train_ok_107.jpeg, ok
train_ok_108.jpeg, ok
train_ok_109.jpeg, ok
train_ok_110.jpeg, ok
train_ok_111.jpeg, ok
train_ok_112.jpeg, ok
train_ok_113.jpeg, ok
train_ok_114.jpeg, ok
train_ok_115.jpeg, ok
train_ok_116.jpeg, ok
train_ok_117.jpeg, ok
train_ok_118.jpeg, ok
train_ok_119.jpeg, ok
train_ok_120.jpeg, ok
train_ok_121.jpeg, ok
train_ok_122.jpeg, ok
train_ok_123.jpeg, ok
train_ok_124.jpeg, ok
train_ok_125.jpeg, ok
train_ok_126.jpeg, ok
train_ok_127.jpeg, ok
train_ok_128.jpeg, ok
train_ok_129.jpeg, ok
train_ok_130.jpeg, ok
train_ok_131.jpeg, ok
train_ok_132.jpeg, ok
train_ok_133.jpeg, ok
train_ok_134.jpeg, ok
train_ok_135.jpeg, ok
train_ok_136.jpeg, ok
train_ok_137.jpeg, ok
train_ok_138.jpeg, ok
train_ok_139.jpeg, ok
train_ok_140.jpeg, ok
train_ok_141.jpeg, ok
train_ok_142.jpeg, ok
train_ok_143.jpeg, ok
train_ok_144.jpeg, ok
train_ok_145.jpeg, ok
train_ok_146.jpeg, ok
train_ok_147.jpeg, ok
train_ok_148.jpeg, ok
train_ok_149.jpeg, ok
train_ok_150.jpeg, ok
train_ok_151.jpeg, ok
train_ok_152.jpeg, ok
train_ok_153.jpeg, ok
train_ok_154.jpeg, ok
train_ok_155.jpeg, ok
train_ok_156.jpeg, ok
train_ok_157.jpeg, ok
train_ok_158.jpeg, ok
train_ok_159.jpeg, ok
train_ok_160.jpeg, ok
train_ok_161.jpeg, ok
train_ok_162.jpeg, ok
train_ok_163.jpeg, ok
train_ok_164.jpeg, ok
train_ok_165.jpeg, ok
train_ok_166.jpeg, ok
train_ok_167.jpeg, ok
train_ok_168.jpeg, ok
train_ok_169.jpeg, ok
train_ok_170.jpeg, ok
train_ok_171.jpeg, ok
train_ok_172.jpeg, ok
train_ok_173.jpeg, ok
train_ok_174.jpeg, ok
train_ok_175.jpeg, ok
train_ok_176.jpeg, ok
train_ok_177.jpeg, ok
train_ok_178.jpeg, ok
train_ok_179.jpeg, ok
train_ok_180.jpeg, ok
train_ok_181.jpeg, ok
train_ok_182.jpeg, ok
train_ok_183.jpeg, ok
train_ok_184.jpeg, ok
train_ok_185.jpeg, ok
train_ok_186.jpeg, ok
train_ok_187.jpeg, ok
train_ok_188.jpeg, ok
train_ok_189.jpeg, ok
train_ok_190.jpeg, ok
train_ok_191.jpeg, ok
train_ok_192.jpeg, ok
train_ok_193.jpeg, ok
train_ok_194.jpeg, ok
train_ok_195.jpeg, ok
train_ok_196.jpeg, ok
train_ok_197.jpeg, ok
train_ok_198.jpeg, ok
train_ok_199.jpeg, ok
train_ok_200.jpeg, ok
train_ok_201.jpeg, ok
train_ok_202.jpeg, ok
train_ok_203.jpeg, ok
train_ok_204.jpeg, ok
train_ok_205.jpeg, ok
train_ok_206.jpeg, ok
train_ok_207.jpeg, ok
train_ok_208.jpeg, ok
train_ok_209.jpeg, ok
train_ok_210.jpeg, ok
train_ok_211.jpeg, ok
train_ok_212.jpeg, ok
train_ok_213.jpeg, ok
train_ok_214.jpeg, ok
train_ok_215.jpeg, ok
train_ok_216.jpeg, ok
train_ok_217.jpeg, ok
train_ok_218.jpeg, ok
train_ok_219.jpeg, ok
train_ok_220.jpeg, ok
train_ok_221.jpeg, ok
train_ok_222.jpeg, ok
train_ok_223.jpeg, ok
train_ok_224.jpeg, ok
train_ok_225.jpeg, ok
train_ok_226.jpeg, ok
train_ok_227.jpeg, ok
train_ok_228.jpeg, ok
train_ok_229.jpeg, ok
train_ok_230.jpeg, ok
train_ok_231.jpeg, ok
train_ok_232.jpeg, ok
train_ok_233.jpeg, ok
train_ok_234.jpeg, ok
train_ok_235.jpeg, ok
train_ok_236.jpeg, ok
train_ok_237.jpeg, ok
train_ok_238.jpeg, ok
train_ok_239.jpeg, ok
train_ok_240.jpeg, ok
train_ok_241.jpeg, ok
train_ok_242.jpeg, ok
train_ok_243.jpeg, ok
train_ok_244.jpeg, ok
train_ok_245.jpeg, ok
train_ok_246.jpeg, ok
train_ok_247.jpeg, ok
train_ok_248.jpeg, ok
train_ok_249.jpeg, ok
train_ok_250.jpeg, ok
train_ok_251.jpeg, ok
train_ok_252.jpeg, ok
train_ok_253.jpeg, ok
train_ok_254.jpeg, ok
train_ok_255.jpeg, ok
train_ok_256.jpeg, ok
train_ok_257.jpeg, ok
train_ok_258.jpeg, ok
train_ok_259.jpeg, ok
train_ok_260.jpeg, ok
train_ok_261.jpeg, ok
train_ok_262.jpeg, ok
train_ok_263.jpeg, ok
train_ok_264.jpeg, ok
train_ok_265.jpeg, ok
train_ok_266.jpeg, ok
train_ok_267.jpeg, ok
train_ok_268.jpeg, ok
train_ok_269.jpeg, ok
train_ok_270.jpeg, ok
train_ok_271.jpeg, ok
train_ok_272.jpeg, ok
train_ok_273.jpeg, ok
train_ok_274.jpeg, ok
train_ok_275.jpeg, ok
train_ok_276.jpeg, ok
train_ok_277.jpeg, ok
train_ok_278.jpeg, ok
train_ok_279.jpeg, ok
train_ok_280.jpeg, ok
train_ok_281.jpeg, ok
train_ok_282.jpeg, ok
train_ok_283.jpeg, ok
train_ok_284.jpeg, ok
train_ok_285.jpeg, ok
train_ok_286.jpeg, ok
train_ok_287.jpeg, ok
train_ok_288.jpeg, ok
train_ok_289.jpeg, ok
train_ok_290.jpeg, ok
train_ok_291.jpeg, ok
train_ok_292.jpeg, ok
train_ok_293.jpeg, ok
train_ok_294.jpeg, ok
train_ok_295.jpeg, ok
train_ok_296.jpeg, ok
train_ok_297.jpeg, ok
train_ok_298.jpeg, ok
train_ok_299.jpeg, ok
train_ok_300.jpeg, ok
train_ok_301.jpeg, ok
train_ok_302.jpeg, ok
train_ok_303.jpeg, ok
train_ok_304.jpeg, ok
train_ok_305.jpeg, ok
train_ok_306.jpeg, ok
train_ok_307.jpeg, ok
train_ok_308.jpeg, ok
train_ok_309.jpeg, ok
train_ok_310.jpeg, ok
train_ok_311.jpeg, ok
train_ok_312.jpeg, ok
train_ok_313.jpeg, ok
train_ok_314.jpeg, ok
train_ok_315.jpeg, ok
train_ok_316.jpeg, ok
train_ok_317.jpeg, ok
train_ok_318.jpeg, ok
train_ok_319.jpeg, ok
train_ok_320.jpeg, ok
train_ok_321.jpeg, ok
train_ok_322.jpeg, ok
train_ok_323.jpeg, ok
train_ok_324.jpeg, ok
train_ok_325.jpeg, ok
train_ok_326.jpeg, ok
train_ok_327.jpeg, ok
train_ok_328.jpeg, ok
train_ok_329.jpeg, ok
train_ok_330.jpeg, ok
train_ok_331.jpeg, ok
train_ok_332.jpeg, ok
train_ok_333.jpeg, ok
train_ok_334.jpeg, ok
train_ok_335.jpeg, ok
train_ok_336.jpeg, ok
train_ok_337.jpeg, ok
train_ok_338.jpeg, ok
train_ok_339.jpeg, ok
train_ok_340.jpeg, ok
train_ok_341.jpeg, ok
train_ok_342.jpeg, ok
train_ok_343.jpeg, ok
train_ok_344.jpeg, ok
train_ok_345.jpeg, ok
train_ok_346.jpeg, ok
train_ok_347.jpeg, ok
train_ok_348.jpeg, ok
train_ok_349.jpeg, ok
train_ok_350.jpeg, ok
train_ok_351.jpeg, ok
train_ok_352.jpeg, ok
train_ok_353.jpeg, ok
train_ok_354.jpeg, ok
train_ok_355.jpeg, ok
train_ok_356.jpeg, ok
train_ok_357.jpeg, ok
train_ok_358.jpeg, ok
train_ok_359.jpeg, ok
train_ok_360.jpeg, ok
train_ok_361.jpeg, ok
train_ok_362.jpeg, ok
train_ok_363.jpeg, ok
train_ok_364.jpeg, ok
train_ok_365.jpeg, ok
train_ok_366.jpeg, ok
train_ok_367.jpeg, ok
train_ok_368.jpeg, ok
train_ok_369.jpeg, ok
train_ok_370.jpeg, ok
train_ok_371.jpeg, ok
train_ok_372.jpeg, ok
train_ok_373.jpeg, ok
train_ok_374.jpeg, ok
train_ok_375.jpeg, ok
train_ok_376.jpeg, ok
train_ok_377.jpeg, ok
train_ok_378.jpeg, ok
train_ok_379.jpeg, ok
train_ok_380.jpeg, ok
train_ok_381.jpeg, ok
train_ok_382.jpeg, ok
train_ok_383.jpeg, ok
train_ok_384.jpeg, ok
train_ok_385.jpeg, ok
train_ok_386.jpeg, ok
train_ok_387.jpeg, ok
train_ok_388.jpeg, ok
train_ok_389.jpeg, ok
train_ok_390.jpeg, ok
train_ok_391.jpeg, ok
train_ok_392.jpeg, ok
train_ok_393.jpeg, ok
train_ok_394.jpeg, ok
train_ok_395.jpeg, ok
train_ok_396.jpeg, ok
train_ok_397.jpeg, ok
train_ok_398.jpeg, ok
train_ok_399.jpeg, ok
train_ok_400.jpeg, ok
train_ok_401.jpeg, ok
train_ok_402.jpeg, ok
train_ok_403.jpeg, ok
train_ok_404.jpeg, ok
train_ok_405.jpeg, ok
train_ok_406.jpeg, ok
train_ok_407.jpeg, ok
train_ok_408.jpeg, ok
train_ok_409.jpeg, ok
train_ok_410.jpeg, ok
train_ok_411.jpeg, ok
train_ok_412.jpeg, ok
train_ok_413.jpeg, ok
train_ok_414.jpeg, ok
train_ok_415.jpeg, ok
train_ok_416.jpeg, ok
train_ok_417.jpeg, ok
train_ok_418.jpeg, ok
train_ok_419.jpeg, ok
train_ok_420.jpeg, ok
train_ok_421.jpeg, ok
train_ok_422.jpeg, ok
train_ok_423.jpeg, ok
train_ok_424.jpeg, ok
train_ok_425.jpeg, ok
train_ok_426.jpeg, ok
train_ok_427.jpeg, ok
train_ok_428.jpeg, ok
train_ok_429.jpeg, ok
train_ok_430.jpeg, ok
train_ok_431.jpeg, ok
train_ok_432.jpeg, ok
train_ok_433.jpeg, ok
train_ok_434.jpeg, ok
train_ok_435.jpeg, ok
train_ok_436.jpeg, ok
train_ok_437.jpeg, ok
train_ok_438.jpeg, ok
train_ok_439.jpeg, ok
train_ok_440.jpeg, ok
train_ok_441.jpeg, ok
train_ok_442.jpeg, ok
train_ok_443.jpeg, ok
train_ok_444.jpeg, ok
train_ok_445.jpeg, ok
train_ok_446.jpeg, ok
train_ok_447.jpeg, ok
train_ok_448.jpeg, ok
train_ok_449.jpeg, ok
train_ok_450.jpeg, ok
train_ok_451.jpeg, ok
train_ok_452.jpeg, ok
train_ok_453.jpeg, ok
train_ok_454.jpeg, ok
train_ok_455.jpeg, ok
train_ok_456.jpeg, ok
train_ok_457.jpeg, ok
train_ok_458.jpeg, ok
train_ok_459.jpeg, ok
train_ok_460.jpeg, ok
train_ok_461.jpeg, ok
train_ok_462.jpeg, ok
train_ok_463.jpeg, ok
train_ok_464.jpeg, ok
train_ok_465.jpeg, ok
train_ok_466.jpeg, ok
train_ok_467.jpeg, ok
train_ok_468.jpeg, ok
train_ok_469.jpeg, ok
train_ok_470.jpeg, ok
train_ok_471.jpeg, ok
train_ok_472.jpeg, ok
train_ok_473.jpeg, ok
train_ok_474.jpeg, ok
train_ok_475.jpeg, ok
train_ok_476.jpeg, ok
train_ok_477.jpeg, ok
train_ok_478.jpeg, ok
train_ok_479.jpeg, ok
train_ok_480.jpeg, ok
train_ok_481.jpeg, ok
train_ok_482.jpeg, ok
train_ok_483.jpeg, ok
train_ok_484.jpeg, ok
train_ok_485.jpeg, ok
train_ok_486.jpeg, ok
train_ok_487.jpeg, ok
train_ok_488.jpeg, ok
train_ok_489.jpeg, ok
train_ok_490.jpeg, ok
train_ok_491.jpeg, ok
train_ok_492.jpeg, ok
train_ok_493.jpeg, ok
train_ok_494.jpeg, ok
train_ok_495.jpeg, ok
train_ok_496.jpeg, ok
train_ok_497.jpeg, ok
train_ok_498.jpeg, ok
train_ok_499.jpeg, ok
train_ok_500.jpeg, ok
train_ok_501.jpeg, ok
train_ok_502.jpeg, ok
train_ok_503.jpeg, ok
train_ok_504.jpeg, ok
train_ok_505.jpeg, ok
train_ok_506.jpeg, ok
train_ok_507.jpeg, ok
train_ok_508.jpeg, ok
train_ok_509.jpeg, ok
train_ok_510.jpeg, ok
train_ok_511.jpeg, ok
train_ok_512.jpeg, ok
train_ok_513.jpeg, ok
train_ok_514.jpeg, ok
train_ok_515.jpeg, ok
train_ok_516.jpeg, ok
train_ok_517.jpeg, ok
train_ok_518.jpeg, ok
train_ok_519.jpeg, ok
train_ok_520.jpeg, ok
train_ok_521.jpeg, ok
train_ok_522.jpeg, ok
train_ok_523.jpeg, ok
train_ok_524.jpeg, ok
train_ok_525.jpeg, ok
train_ok_526.jpeg, ok
train_ok_527.jpeg, ok
train_ok_528.jpeg, ok
train_ok_529.jpeg, ok
train_ok_530.jpeg, ok
train_ok_531.jpeg, ok
train_ok_532.jpeg, ok
train_ok_533.jpeg, ok
train_ok_534.jpeg, ok
train_ok_535.jpeg, ok
train_ok_536.jpeg, ok
train_ok_537.jpeg, ok
train_ok_538.jpeg, ok
train_ok_539.jpeg, ok
train_ok_540.jpeg, ok
train_ok_541.jpeg, ok
train_ok_542.jpeg, ok
train_ok_543.jpeg, ok
train_ok_544.jpeg, ok
train_ok_545.jpeg, ok
train_ok_546.jpeg, ok
train_ok_547.jpeg, ok
train_ok_548.jpeg, ok
train_ok_549.jpeg, ok
train_ok_550.jpeg, ok
train_ok_551.jpeg, ok
train_ok_552.jpeg, ok
train_ok_553.jpeg, ok
train_ok_554.jpeg, ok
train_ok_555.jpeg, ok
train_ok_556.jpeg, ok
train_ok_557.jpeg, ok
train_ok_558.jpeg, ok
train_ok_559.jpeg, ok
train_ok_560.jpeg, ok
train_ok_561.jpeg, ok
train_ok_562.jpeg, ok
train_ok_563.jpeg, ok
train_ok_564.jpeg, ok
train_ok_565.jpeg, ok
train_ok_566.jpeg, ok
train_ok_567.jpeg, ok
train_ok_568.jpeg, ok
train_ok_569.jpeg, ok
train_ok_570.jpeg, ok
train_ok_571.jpeg, ok
train_ok_572.jpeg, ok
train_ok_573.jpeg, ok
train_ok_574.jpeg, ok
train_ok_575.jpeg, ok
train_ok_576.jpeg, ok
train_ok_577.jpeg, ok
train_ok_578.jpeg, ok
train_ok_579.jpeg, ok
train_ok_580.jpeg, ok
train_ok_581.jpeg, ok
train_ok_582.jpeg, ok
train_ok_583.jpeg, ok
train_ok_584.jpeg, ok
train_ok_585.jpeg, ok
train_ok_586.jpeg, ok
train_ok_587.jpeg, ok
train_ok_588.jpeg, ok
train_ok_589.jpeg, ok
train_ok_590.jpeg, ok
train_ok_591.jpeg, ok
train_ok_592.jpeg, ok
train_ok_593.jpeg, ok
train_ok_594.jpeg, ok
train_ok_595.jpeg, ok
train_ok_596.jpeg, ok
train_ok_597.jpeg, ok
train_ok_598.jpeg, ok
train_ok_599.jpeg, ok
train_ok_600.jpeg, ok
train_ok_601.jpeg, ok
train_ok_602.jpeg, ok
train_ok_603.jpeg, ok
train_ok_604.jpeg, ok
train_ok_605.jpeg, ok
train_ok_606.jpeg, ok
train_ok_607.jpeg, ok
train_ok_608.jpeg, ok
train_ok_609.jpeg, ok
train_ok_610.jpeg, ok
train_ok_611.jpeg, ok
train_ok_612.jpeg, ok
train_ok_613.jpeg, ok
train_ok_614.jpeg, ok
train_ok_615.jpeg, ok
train_ok_616.jpeg, ok
train_ok_617.jpeg, ok
train_ok_618.jpeg, ok
train_ok_619.jpeg, ok
train_ok_620.jpeg, ok
train_ok_621.jpeg, ok
train_ok_622.jpeg, ok
train_ok_623.jpeg, ok
train_ok_624.jpeg, ok
train_ok_625.jpeg, ok
train_ok_626.jpeg, ok
train_ok_627.jpeg, ok
train_ok_628.jpeg, ok
train_ok_629.jpeg, ok
train_ok_630.jpeg, ok
train_ok_631.jpeg, ok
train_ok_632.jpeg, ok
train_ok_633.jpeg, ok
train_ok_634.jpeg, ok
train_ok_635.jpeg, ok
train_ok_636.jpeg, ok
train_ok_637.jpeg, ok
train_ok_638.jpeg, ok
train_ok_639.jpeg, ok
train_ok_640.jpeg, ok
train_ok_641.jpeg, ok
train_ok_642.jpeg, ok
train_ok_643.jpeg, ok
train_ok_644.jpeg, ok
train_ok_645.jpeg, ok
train_ok_646.jpeg, ok
train_ok_647.jpeg, ok
train_ok_648.jpeg, ok
train_ok_649.jpeg, ok
train_ok_650.jpeg, ok
train_ok_651.jpeg, ok
train_ok_652.jpeg, ok
train_ok_653.jpeg, ok
train_ok_654.jpeg, ok
train_ok_655.jpeg, ok
train_ok_656.jpeg, ok
train_ok_657.jpeg, ok
train_ok_658.jpeg, ok
train_ok_659.jpeg, ok
train_ok_660.jpeg, ok
train_ok_661.jpeg, ok
train_ok_662.jpeg, ok
train_ok_663.jpeg, ok
train_ok_664.jpeg, ok
train_ok_665.jpeg, ok
train_ok_666.jpeg, ok
train_ok_667.jpeg, ok
train_ok_668.jpeg, ok
train_ok_669.jpeg, ok
train_ok_670.jpeg, ok
train_ok_671.jpeg, ok
train_ok_672.jpeg, ok
train_ok_673.jpeg, ok
train_ok_674.jpeg, ok
train_ok_675.jpeg, ok
train_ok_676.jpeg, ok
train_ok_677.jpeg, ok
train_ok_678.jpeg, ok
train_ok_679.jpeg, ok
train_ok_680.jpeg, ok
train_ok_681.jpeg, ok
train_ok_682.jpeg, ok
train_ok_683.jpeg, ok
train_ok_684.jpeg, ok
train_ok_685.jpeg, ok
train_ok_686.jpeg, ok
train_ok_687.jpeg, ok
train_ok_688.jpeg, ok
train_ok_689.jpeg, ok
train_ok_690.jpeg, ok
train_ok_691.jpeg, ok
train_ok_692.jpeg, ok
train_ok_693.jpeg, ok
train_ok_694.jpeg, ok
train_ok_695.jpeg, ok
train_ok_696.jpeg, ok
train_ok_697.jpeg, ok
train_ok_698.jpeg, ok
train_ok_699.jpeg, ok
train_ok_700.jpeg, ok
train_ok_701.jpeg, ok
train_ok_702.jpeg, ok
train_ok_703.jpeg, ok
train_ok_704.jpeg, ok
train_ok_705.jpeg, ok
train_ok_706.jpeg, ok
train_ok_707.jpeg, ok
train_ok_708.jpeg, ok
train_ok_709.jpeg, ok
train_ok_710.jpeg, ok
train_ok_711.jpeg, ok
train_ok_712.jpeg, ok
train_ok_713.jpeg, ok
train_ok_714.jpeg, ok
train_ok_715.jpeg, ok
train_ok_716.jpeg, ok
train_ok_717.jpeg, ok
train_ok_718.jpeg, ok
train_ok_719.jpeg, ok
train_ok_720.jpeg, ok
train_ok_721.jpeg, ok
train_ok_722.jpeg, ok
train_ok_723.jpeg, ok
train_ok_724.jpeg, ok
train_ok_725.jpeg, ok
train_ok_726.jpeg, ok
train_ok_727.jpeg, ok
train_ok_728.jpeg, ok
train_ok_729.jpeg, ok
train_ok_730.jpeg, ok
train_ok_731.jpeg, ok
train_ok_732.jpeg, ok
train_ok_733.jpeg, ok
train_ok_734.jpeg, ok
train_ok_735.jpeg, ok
train_ok_736.jpeg, ok
train_ok_737.jpeg, ok
train_ok_738.jpeg, ok
train_ok_739.jpeg, ok
train_ok_740.jpeg, ok
train_ok_741.jpeg, ok
train_ok_742.jpeg, ok
train_ok_743.jpeg, ok
train_ok_744.jpeg, ok
train_ok_745.jpeg, ok
train_ok_746.jpeg, ok
train_ok_747.jpeg, ok
train_ok_748.jpeg, ok
train_ok_749.jpeg, ok
train_ok_750.jpeg, ok
train_ok_751.jpeg, ok
train_ok_752.jpeg, ok
train_ok_753.jpeg, ok
train_ok_754.jpeg, ok
train_ok_755.jpeg, ok
train_ok_756.jpeg, ok
train_ok_757.jpeg, ok
train_ok_758.jpeg, ok
train_ok_759.jpeg, ok
train_ok_760.jpeg, ok
train_ok_761.jpeg, ok
train_ok_762.jpeg, ok
train_ok_763.jpeg, ok
train_ok_764.jpeg, ok
train_ok_765.jpeg, ok
train_ok_766.jpeg, ok
train_ok_767.jpeg, ok
train_ok_768.jpeg, ok
train_ok_769.jpeg, ok
train_ok_770.jpeg, ok
train_ok_771.jpeg, ok
train_ok_772.jpeg, ok
train_ok_773.jpeg, ok
train_ok_774.jpeg, ok
train_ok_775.jpeg, ok
train_ok_776.jpeg, ok
train_ok_777.jpeg, ok
train_ok_778.jpeg, ok
train_ok_779.jpeg, ok
train_ok_780.jpeg, ok
train_ok_781.jpeg, ok
train_ok_782.jpeg, ok
train_ok_783.jpeg, ok
train_ok_784.jpeg, ok
train_ok_785.jpeg, ok
train_ok_786.jpeg, ok
train_ok_787.jpeg, ok
train_ok_788.jpeg, ok
train_ok_789.jpeg, ok
train_ok_790.jpeg, ok
train_ok_791.jpeg, ok
train_ok_792.jpeg, ok
train_ok_793.jpeg, ok
train_ok_794.jpeg, ok
train_ok_795.jpeg, ok
train_ok_796.jpeg, ok
train_ok_797.jpeg, ok
train_ok_798.jpeg, ok
train_ok_799.jpeg, ok
train_ok_800.jpeg, ok
train_ok_801.jpeg, ok
train_ok_802.jpeg, ok
train_ok_803.jpeg, ok
train_ok_804.jpeg, ok
train_ok_805.jpeg, ok
train_ok_806.jpeg, ok
train_ok_807.jpeg, ok
train_ok_808.jpeg, ok
train_ok_809.jpeg, ok
train_ok_810.jpeg, ok
train_ok_811.jpeg, ok
train_ok_812.jpeg, ok
train_ok_813.jpeg, ok
train_ok_814.jpeg, ok
train_ok_815.jpeg, ok
train_ok_816.jpeg, ok
train_ok_817.jpeg, ok
train_ok_818.jpeg, ok
train_ok_819.jpeg, ok
train_ok_820.jpeg, ok
train_ok_821.jpeg, ok
train_ok_822.jpeg, ok
train_ok_823.jpeg, ok
train_ok_824.jpeg, ok
train_ok_825.jpeg, ok
train_ok_826.jpeg, ok
train_ok_827.jpeg, ok
train_ok_828.jpeg, ok
train_ok_829.jpeg, ok
train_ok_830.jpeg, ok
train_ok_831.jpeg, ok
train_ok_832.jpeg, ok
train_ok_833.jpeg, ok
train_ok_834.jpeg, ok
train_ok_835.jpeg, ok
train_ok_836.jpeg, ok
train_ok_837.jpeg, ok
train_ok_838.jpeg, ok
train_ok_839.jpeg, ok
train_ok_840.jpeg, ok
train_ok_841.jpeg, ok
train_ok_842.jpeg, ok
train_ok_843.jpeg, ok
train_ok_844.jpeg, ok
train_ok_845.jpeg, ok
train_ok_846.jpeg, ok
train_ok_847.jpeg, ok
train_ok_848.jpeg, ok
train_ok_849.jpeg, ok
train_ok_850.jpeg, ok
train_ok_851.jpeg, ok
train_ok_852.jpeg, ok
train_ok_853.jpeg, ok
train_ok_854.jpeg, ok
train_ok_855.jpeg, ok
train_ok_856.jpeg, ok
train_ok_857.jpeg, ok
train_ok_858.jpeg, ok
train_ok_859.jpeg, ok
train_ok_860.jpeg, ok
train_ok_861.jpeg, ok
train_ok_862.jpeg, ok
train_ok_863.jpeg, ok
train_ok_864.jpeg, ok
train_ok_865.jpeg, ok
train_ok_866.jpeg, ok
train_ok_867.jpeg, ok
train_ok_868.jpeg, ok
train_ok_869.jpeg, ok
train_ok_870.jpeg, ok
train_ok_871.jpeg, ok
train_ok_872.jpeg, ok
train_ok_873.jpeg, ok
train_ok_874.jpeg, ok
train_ok_875.jpeg, ok
train_ok_876.jpeg, ok
train_ok_877.jpeg, ok
train_ok_878.jpeg, ok
train_ok_879.jpeg, ok
train_ok_880.jpeg, ok
train_ok_881.jpeg, ok
train_ok_882.jpeg, ok
train_ok_883.jpeg, ok
train_ok_884.jpeg, ok
train_ok_885.jpeg, ok
train_ok_886.jpeg, ok
train_ok_887.jpeg, ok
train_ok_888.jpeg, ok
train_ok_889.jpeg, ok
train_ok_890.jpeg, ok
train_ok_891.jpeg, ok
train_ok_892.jpeg, ok
train_ok_893.jpeg, ok
train_ok_894.jpeg, ok
train_ok_895.jpeg, ok
train_ok_896.jpeg, ok
train_ok_897.jpeg, ok
train_ok_898.jpeg, ok
train_ok_899.jpeg, ok
train_ok_900.jpeg, ok
train_ok_901.jpeg, ok
train_ok_902.jpeg, ok
train_ok_903.jpeg, ok
train_ok_904.jpeg, ok
train_ok_905.jpeg, ok
train_ok_906.jpeg, ok
train_ok_907.jpeg, ok
train_ok_908.jpeg, ok
train_ok_909.jpeg, ok
train_ok_910.jpeg, ok
train_ok_911.jpeg, ok
train_ok_912.jpeg, ok
train_ok_913.jpeg, ok
train_ok_914.jpeg, ok
train_ok_915.jpeg, ok
train_ok_916.jpeg, ok
train_ok_917.jpeg, ok
train_ok_918.jpeg, ok
train_ok_919.jpeg, ok
train_ok_920.jpeg, ok
train_ok_921.jpeg, ok
train_ok_922.jpeg, ok
train_ok_923.jpeg, ok
train_ok_924.jpeg, ok
train_ok_925.jpeg, ok
train_ok_926.jpeg, ok
train_ok_927.jpeg, ok
train_ok_928.jpeg, ok
train_ok_929.jpeg, ok
train_ok_930.jpeg, ok
train_ok_931.jpeg, ok
train_ok_932.jpeg, ok
train_ok_933.jpeg, ok
train_ok_934.jpeg, ok
train_ok_935.jpeg, ok
train_ok_936.jpeg, ok
train_ok_937.jpeg, ok
train_ok_938.jpeg, ok
train_ok_939.jpeg, ok
train_ok_940.jpeg, ok
train_ok_941.jpeg, ok
train_ok_942.jpeg, ok
train_ok_943.jpeg, ok
train_ok_944.jpeg, ok
train_ok_945.jpeg, ok
train_ok_946.jpeg, ok
train_ok_947.jpeg, ok
train_ok_948.jpeg, ok
train_ok_949.jpeg, ok
train_ok_950.jpeg, ok
train_ok_951.jpeg, ok
train_ok_952.jpeg, ok
train_ok_953.jpeg, ok
train_ok_954.jpeg, ok
train_ok_955.jpeg, ok
train_ok_956.jpeg, ok
train_ok_957.jpeg, ok
train_ok_958.jpeg, ok
train_ok_959.jpeg, ok
train_ok_960.jpeg, ok
train_ok_961.jpeg, ok
train_ok_962.jpeg, ok
train_ok_963.jpeg, ok
train_ok_964.jpeg, ok
train_ok_965.jpeg, ok
train_ok_966.jpeg, ok
train_ok_967.jpeg, ok
train_ok_968.jpeg, ok
train_ok_969.jpeg, ok
train_ok_970.jpeg, ok
train_ok_971.jpeg, ok
train_ok_972.jpeg, ok
train_ok_973.jpeg, ok
train_ok_974.jpeg, ok
train_ok_975.jpeg, ok
train_ok_976.jpeg, ok
train_ok_977.jpeg, ok
train_ok_978.jpeg, ok
train_ok_979.jpeg, ok
train_ok_980.jpeg, ok
train_ok_981.jpeg, ok
train_ok_982.jpeg, ok
train_ok_983.jpeg, ok
train_ok_984.jpeg, ok
train_ok_985.jpeg, ok
train_ok_986.jpeg, ok
train_ok_987.jpeg, ok
train_ok_988.jpeg, ok
train_ok_989.jpeg, ok
train_ok_990.jpeg, ok
train_ok_991.jpeg, ok
train_ok_992.jpeg, ok
train_ok_993.jpeg, ok
train_ok_994.jpeg, ok
train_ok_995.jpeg, ok
train_ok_996.jpeg, ok
train_ok_997.jpeg, ok
train_ok_998.jpeg, ok
train_ok_999.jpeg, ok
train_ok_1000.jpeg, ok
train_ok_1001.jpeg, ok
train_ok_1002.jpeg, ok
train_ok_1003.jpeg, ok
train_ok_1004.jpeg, ok
train_ok_1005.jpeg, ok
train_ok_1006.jpeg, ok
train_ok_1007.jpeg, ok
train_ok_1008.jpeg, ok
train_ok_1009.jpeg, ok
train_ok_1010.jpeg, ok
train_ok_1011.jpeg, ok
train_ok_1012.jpeg, ok
train_ok_1013.jpeg, ok
train_ok_1014.jpeg, ok
train_ok_1015.jpeg, ok
train_ok_1016.jpeg, ok
train_ok_1017.jpeg, ok
train_ok_1018.jpeg, ok
train_ok_1019.jpeg, ok
train_ok_1020.jpeg, ok
train_ok_1021.jpeg, ok
train_ok_1022.jpeg, ok
train_ok_1023.jpeg, ok
train_ok_1024.jpeg, ok
train_ok_1025.jpeg, ok
train_ok_1026.jpeg, ok
train_ok_1027.jpeg, ok
train_ok_1028.jpeg, ok
train_ok_1029.jpeg, ok
train_ok_1030.jpeg, ok
train_ok_1031.jpeg, ok
train_ok_1032.jpeg, ok
train_ok_1033.jpeg, ok
train_ok_1034.jpeg, ok
train_ok_1035.jpeg, ok
train_ok_1036.jpeg, ok
train_ok_1037.jpeg, ok
train_ok_1038.jpeg, ok
train_ok_1039.jpeg, ok
train_ok_1040.jpeg, ok
train_ok_1041.jpeg, ok
train_ok_1042.jpeg, ok
train_ok_1043.jpeg, ok
train_ok_1044.jpeg, ok
train_ok_1045.jpeg, ok
train_ok_1046.jpeg, ok
train_ok_1047.jpeg, ok
train_ok_1048.jpeg, ok
train_ok_1049.jpeg, ok
train_ok_1050.jpeg, ok
train_ok_1051.jpeg, ok
train_ok_1052.jpeg, ok
train_ok_1053.jpeg, ok
train_ok_1054.jpeg, ok
train_ok_1055.jpeg, ok
train_ok_1056.jpeg, ok
train_ok_1057.jpeg, ok
train_ok_1058.jpeg, ok
train_ok_1059.jpeg, ok
train_ok_1060.jpeg, ok
train_ok_1061.jpeg, ok
train_ok_1062.jpeg, ok
train_ok_1063.jpeg, ok
train_ok_1064.jpeg, ok
train_ok_1065.jpeg, ok
train_ok_1066.jpeg, ok
train_ok_1067.jpeg, ok
train_ok_1068.jpeg, ok
train_ok_1069.jpeg, ok
train_ok_1070.jpeg, ok
train_ok_1071.jpeg, ok
train_ok_1072.jpeg, ok
train_ok_1073.jpeg, ok
train_ok_1074.jpeg, ok
train_ok_1075.jpeg, ok
train_ok_1076.jpeg, ok
train_ok_1077.jpeg, ok
train_ok_1078.jpeg, ok
train_ok_1079.jpeg, ok
train_ok_1080.jpeg, ok
train_ok_1081.jpeg, ok
train_ok_1082.jpeg, ok
train_ok_1083.jpeg, ok
train_ok_1084.jpeg, ok
train_ok_1085.jpeg, ok
train_ok_1086.jpeg, ok
train_ok_1087.jpeg, ok
train_ok_1088.jpeg, ok
train_ok_1089.jpeg, ok
train_ok_1090.jpeg, ok
train_ok_1091.jpeg, ok
train_ok_1092.jpeg, ok
train_ok_1093.jpeg, ok
train_ok_1094.jpeg, ok
train_ok_1095.jpeg, ok
train_ok_1096.jpeg, ok
train_ok_1097.jpeg, ok
train_ok_1098.jpeg, ok
train_ok_1099.jpeg, ok
train_ok_1100.jpeg, ok
train_ok_1101.jpeg, ok
train_ok_1102.jpeg, ok
train_ok_1103.jpeg, ok
train_ok_1104.jpeg, ok
train_ok_1105.jpeg, ok
train_ok_1106.jpeg, ok
train_ok_1107.jpeg, ok
train_ok_1108.jpeg, ok
train_ok_1109.jpeg, ok
train_ok_1110.jpeg, ok
train_ok_1111.jpeg, ok
train_ok_1112.jpeg, ok
train_ok_1113.jpeg, ok
train_ok_1114.jpeg, ok
train_ok_1115.jpeg, ok
train_ok_1116.jpeg, ok
train_ok_1117.jpeg, ok
train_ok_1118.jpeg, ok
train_ok_1119.jpeg, ok
train_ok_1120.jpeg, ok
train_ok_1121.jpeg, ok
train_ok_1122.jpeg, ok
train_ok_1123.jpeg, ok
train_ok_1124.jpeg, ok
train_ok_1125.jpeg, ok
train_ok_1126.jpeg, ok
train_ok_1127.jpeg, ok
train_ok_1128.jpeg, ok
train_ok_1129.jpeg, ok
train_ok_1130.jpeg, ok
train_ok_1131.jpeg, ok
train_ok_1132.jpeg, ok
train_ok_1133.jpeg, ok
train_ok_1134.jpeg, ok
train_ok_1135.jpeg, ok
train_ok_1136.jpeg, ok
train_ok_1137.jpeg, ok
train_ok_1138.jpeg, ok
train_ok_1139.jpeg, ok
train_ok_1140.jpeg, ok
train_ok_1141.jpeg, ok
train_ok_1142.jpeg, ok
train_ok_1143.jpeg, ok
train_ok_1144.jpeg, ok
train_ok_1145.jpeg, ok
train_ok_1146.jpeg, ok
train_ok_1147.jpeg, ok
train_ok_1148.jpeg, ok
train_ok_1149.jpeg, ok
train_ok_1150.jpeg, ok
train_ok_1151.jpeg, ok
train_ok_1152.jpeg, ok
train_ok_1153.jpeg, ok
train_ok_1154.jpeg, ok
train_ok_1155.jpeg, ok
train_ok_1156.jpeg, ok
train_ok_1157.jpeg, ok
train_ok_1158.jpeg, ok
train_ok_1159.jpeg, ok
train_ok_1160.jpeg, ok
train_ok_1161.jpeg, ok
train_ok_1162.jpeg, ok
train_ok_1163.jpeg, ok
train_ok_1164.jpeg, ok
train_ok_1165.jpeg, ok
train_ok_1166.jpeg, ok
train_ok_1167.jpeg, ok
train_ok_1168.jpeg, ok
train_ok_1169.jpeg, ok
train_ok_1170.jpeg, ok
train_ok_1171.jpeg, ok
train_ok_1172.jpeg, ok
train_ok_1173.jpeg, ok
train_ok_1174.jpeg, ok
train_ok_1175.jpeg, ok
train_ok_1176.jpeg, ok
train_ok_1177.jpeg, ok
train_ok_1178.jpeg, ok
train_ok_1179.jpeg, ok
train_ok_1180.jpeg, ok
train_ok_1181.jpeg, ok
train_ok_1182.jpeg, ok
train_ok_1183.jpeg, ok
train_ok_1184.jpeg, ok
train_ok_1185.jpeg, ok
train_ok_1186.jpeg, ok
train_ok_1187.jpeg, ok
train_ok_1188.jpeg, ok
train_ok_1189.jpeg, ok
train_ok_1190.jpeg, ok
train_ok_1191.jpeg, ok
train_ok_1192.jpeg, ok
train_ok_1193.jpeg, ok
train_ok_1194.jpeg, ok
train_ok_1195.jpeg, ok
train_ok_1196.jpeg, ok
train_ok_1197.jpeg, ok
train_ok_1198.jpeg, ok
train_ok_1199.jpeg, ok
train_ok_1200.jpeg, ok
train_ok_1201.jpeg, ok
train_ok_1202.jpeg, ok
train_ok_1203.jpeg, ok
train_ok_1204.jpeg, ok
train_ok_1205.jpeg, ok
train_ok_1206.jpeg, ok
train_ok_1207.jpeg, ok
train_ok_1208.jpeg, ok
train_ok_1209.jpeg, ok
train_ok_1210.jpeg, ok
train_ok_1211.jpeg, ok
train_ok_1212.jpeg, ok
train_ok_1213.jpeg, ok
train_ok_1214.jpeg, ok
train_ok_1215.jpeg, ok
train_ok_1216.jpeg, ok
train_ok_1217.jpeg, ok
train_ok_1218.jpeg, ok
train_ok_1219.jpeg, ok
train_ok_1220.jpeg, ok
train_ok_1221.jpeg, ok
train_ok_1222.jpeg, ok
train_ok_1223.jpeg, ok
train_ok_1224.jpeg, ok
train_ok_1225.jpeg, ok
train_ok_1226.jpeg, ok
train_ok_1227.jpeg, ok
train_ok_1228.jpeg, ok
train_ok_1229.jpeg, ok
train_ok_1230.jpeg, ok
train_ok_1231.jpeg, ok
train_ok_1232.jpeg, ok
train_ok_1233.jpeg, ok
train_ok_1234.jpeg, ok
train_ok_1235.jpeg, ok
train_ok_1236.jpeg, ok
train_ok_1237.jpeg, ok
train_ok_1238.jpeg, ok
train_ok_1239.jpeg, ok
train_ok_1240.jpeg, ok
train_ok_1241.jpeg, ok
train_ok_1242.jpeg, ok
train_ok_1243.jpeg, ok
train_ok_1244.jpeg, ok
train_ok_1245.jpeg, ok
train_ok_1246.jpeg, ok
train_ok_1247.jpeg, ok
train_ok_1248.jpeg, ok
train_ok_1249.jpeg, ok
train_ok_1250.jpeg, ok
train_ok_1251.jpeg, ok
train_ok_1252.jpeg, ok
train_ok_1253.jpeg, ok
train_ok_1254.jpeg, ok
train_ok_1255.jpeg, ok
train_ok_1256.jpeg, ok
train_ok_1257.jpeg, ok
train_ok_1258.jpeg, ok
train_ok_1259.jpeg, ok
train_ok_1260.jpeg, ok
train_ok_1261.jpeg, ok
train_ok_1262.jpeg, ok
train_ok_1263.jpeg, ok
train_ok_1264.jpeg, ok
train_ok_1265.jpeg, ok
train_ok_1266.jpeg, ok
train_ok_1267.jpeg, ok
train_ok_1268.jpeg, ok
train_ok_1269.jpeg, ok
train_ok_1270.jpeg, ok
train_ok_1271.jpeg, ok
train_ok_1272.jpeg, ok
train_ok_1273.jpeg, ok
train_ok_1274.jpeg, ok
train_ok_1275.jpeg, ok
train_ok_1276.jpeg, ok
train_ok_1277.jpeg, ok
train_ok_1278.jpeg, ok
train_ok_1279.jpeg, ok
train_ok_1280.jpeg, ok
train_ok_1281.jpeg, ok
train_ok_1282.jpeg, ok
train_ok_1283.jpeg, ok
train_ok_1284.jpeg, ok
train_ok_1285.jpeg, ok
train_ok_1286.jpeg, ok
train_ok_1287.jpeg, ok
train_ok_1288.jpeg, ok
train_ok_1289.jpeg, ok
train_ok_1290.jpeg, ok
train_ok_1291.jpeg, ok
train_ok_1292.jpeg, ok
train_ok_1293.jpeg, ok
train_ok_1294.jpeg, ok
train_ok_1295.jpeg, ok
train_ok_1296.jpeg, ok
train_ok_1297.jpeg, ok
train_ok_1298.jpeg, ok
train_ok_1299.jpeg, ok
train_ok_1300.jpeg, ok
train_ok_1301.jpeg, ok
train_ok_1302.jpeg, ok
train_ok_1303.jpeg, ok
train_ok_1304.jpeg, ok
train_ok_1305.jpeg, ok
train_ok_1306.jpeg, ok
train_ok_1307.jpeg, ok
train_ok_1308.jpeg, ok
train_ok_1309.jpeg, ok
train_ok_1310.jpeg, ok
train_ok_1311.jpeg, ok
train_ok_1312.jpeg, ok
train_ok_1313.jpeg, ok
train_ok_1314.jpeg, ok
train_ok_1315.jpeg, ok
train_ok_1316.jpeg, ok
train_ok_1317.jpeg, ok
train_ok_1318.jpeg, ok
train_ok_1319.jpeg, ok
train_ok_1320.jpeg, ok
train_ok_1321.jpeg, ok
train_ok_1322.jpeg, ok
train_ok_1323.jpeg, ok
train_ok_1324.jpeg, ok
train_ok_1325.jpeg, ok
train_ok_1326.jpeg, ok
train_ok_1327.jpeg, ok
train_ok_1328.jpeg, ok
train_ok_1329.jpeg, ok
train_ok_1330.jpeg, ok
train_ok_1331.jpeg, ok
train_ok_1332.jpeg, ok
train_ok_1333.jpeg, ok
train_ok_1334.jpeg, ok
train_ok_1335.jpeg, ok
train_ok_1336.jpeg, ok
train_ok_1337.jpeg, ok
train_ok_1338.jpeg, ok
train_ok_1339.jpeg, ok
train_ok_1340.jpeg, ok
train_ok_1341.jpeg, ok
train_ok_1342.jpeg, ok
train_ok_1343.jpeg, ok
train_ok_1344.jpeg, ok
train_ok_1345.jpeg, ok
train_ok_1346.jpeg, ok
train_ok_1347.jpeg, ok
train_ok_1348.jpeg, ok
train_ok_1349.jpeg, ok
train_ok_1350.jpeg, ok
train_ok_1351.jpeg, ok
train_ok_1352.jpeg, ok
train_ok_1353.jpeg, ok
train_ok_1354.jpeg, ok
train_ok_1355.jpeg, ok
train_ok_1356.jpeg, ok
train_ok_1357.jpeg, ok
train_ok_1358.jpeg, ok
train_ok_1359.jpeg, ok
train_ok_1360.jpeg, ok
train_ok_1361.jpeg, ok
train_ok_1362.jpeg, ok
train_ok_1363.jpeg, ok
train_ok_1364.jpeg, ok
train_ok_1365.jpeg, ok
train_ok_1366.jpeg, ok
train_ok_1367.jpeg, ok
train_ok_1368.jpeg, ok
train_ok_1369.jpeg, ok
train_ok_1370.jpeg, ok
train_ok_1371.jpeg, ok
train_ok_1372.jpeg, ok
train_ok_1373.jpeg, ok
train_ok_1374.jpeg, ok
train_ok_1375.jpeg, ok
train_ok_1376.jpeg, ok
train_ok_1377.jpeg, ok
train_ok_1378.jpeg, ok
train_ok_1379.jpeg, ok
train_ok_1380.jpeg, ok
train_ok_1381.jpeg, ok
train_ok_1382.jpeg, ok
train_ok_1383.jpeg, ok
train_ok_1384.jpeg, ok
train_ok_1385.jpeg, ok
train_ok_1386.jpeg, ok
train_ok_1387.jpeg, ok
train_ok_1388.jpeg, ok
train_ok_1389.jpeg, ok
train_ok_1390.jpeg, ok
train_ok_1391.jpeg, ok
train_ok_1392.jpeg, ok
train_ok_1393.jpeg, ok
train_ok_1394.jpeg, ok
train_ok_1395.jpeg, ok
train_ok_1396.jpeg, ok
train_ok_1397.jpeg, ok
train_ok_1398.jpeg, ok
train_ok_1399.jpeg, ok
train_ok_1400.jpeg, ok
train_ok_1401.jpeg, ok
train_ok_1402.jpeg, ok
train_ok_1403.jpeg, ok
train_ok_1404.jpeg, ok
train_ok_1405.jpeg, ok
train_ok_1406.jpeg, ok
train_ok_1407.jpeg, ok
train_ok_1408.jpeg, ok
train_ok_1409.jpeg, ok
train_ok_1410.jpeg, ok
train_ok_1411.jpeg, ok
train_ok_1412.jpeg, ok
train_ok_1413.jpeg, ok
train_ok_1414.jpeg, ok
train_ok_1415.jpeg, ok
train_ok_1416.jpeg, ok
train_ok_1417.jpeg, ok
train_ok_1418.jpeg, ok
train_ok_1419.jpeg, ok
train_ok_1420.jpeg, ok
train_ok_1421.jpeg, ok
train_ok_1422.jpeg, ok
train_ok_1423.jpeg, ok
train_ok_1424.jpeg, ok
train_ok_1425.jpeg, ok
train_ok_1426.jpeg, ok
train_ok_1427.jpeg, ok
train_ok_1428.jpeg, ok
train_ok_1429.jpeg, ok
train_ok_1430.jpeg, ok
train_ok_1431.jpeg, ok
train_ok_1432.jpeg, ok
train_ok_1433.jpeg, ok
train_ok_1434.jpeg, ok
train_ok_1435.jpeg, ok
train_ok_1436.jpeg, ok
train_ok_1437.jpeg, ok
train_ok_1438.jpeg, ok
train_ok_1439.jpeg, ok
train_ok_1440.jpeg, ok
train_ok_1441.jpeg, ok
train_ok_1442.jpeg, ok
train_ok_1443.jpeg, ok
train_ok_1444.jpeg, ok
train_ok_1445.jpeg, ok
train_ok_1446.jpeg, ok
train_ok_1447.jpeg, ok
train_ok_1448.jpeg, ok
train_ok_1449.jpeg, ok
train_ok_1450.jpeg, ok
train_ok_1451.jpeg, ok
train_ok_1452.jpeg, ok
train_ok_1453.jpeg, ok
train_ok_1454.jpeg, ok
train_ok_1455.jpeg, ok
train_ok_1456.jpeg, ok
train_ok_1457.jpeg, ok
train_ok_1458.jpeg, ok
train_ok_1459.jpeg, ok
train_ok_1460.jpeg, ok
train_ok_1461.jpeg, ok
train_ok_1462.jpeg, ok
train_ok_1463.jpeg, ok
train_ok_1464.jpeg, ok
train_ok_1465.jpeg, ok
train_ok_1466.jpeg, ok
train_ok_1467.jpeg, ok
train_ok_1468.jpeg, ok
train_ok_1469.jpeg, ok
train_ok_1470.jpeg, ok
train_ok_1471.jpeg, ok
train_ok_1472.jpeg, ok
train_ok_1473.jpeg, ok
train_ok_1474.jpeg, ok
train_ok_1475.jpeg, ok
train_ok_1476.jpeg, ok
train_ok_1477.jpeg, ok
train_ok_1478.jpeg, ok
train_ok_1479.jpeg, ok
train_ok_1480.jpeg, ok
train_ok_1481.jpeg, ok
train_ok_1482.jpeg, ok
train_ok_1483.jpeg, ok
train_ok_1484.jpeg, ok
train_ok_1485.jpeg, ok
train_ok_1486.jpeg, ok
train_ok_1487.jpeg, ok
train_ok_1488.jpeg, ok
train_ok_1489.jpeg, ok
train_ok_1490.jpeg, ok
train_ok_1491.jpeg, ok
train_ok_1492.jpeg, ok
train_ok_1493.jpeg, ok
train_ok_1494.jpeg, ok
train_ok_1495.jpeg, ok
train_ok_1496.jpeg, ok
train_ok_1497.jpeg, ok
train_ok_1498.jpeg, ok
train_ok_1499.jpeg, ok
train_ok_1500.jpeg, ok
train_ok_1501.jpeg, ok
train_ok_1502.jpeg, ok
train_ok_1503.jpeg, ok
train_ok_1504.jpeg, ok
train_ok_1505.jpeg, ok
train_ok_1506.jpeg, ok
train_ok_1507.jpeg, ok
train_ok_1508.jpeg, ok
train_ok_1509.jpeg, ok
train_ok_1510.jpeg, ok
train_ok_1511.jpeg, ok
train_ok_1512.jpeg, ok
train_ok_1513.jpeg, ok
train_ok_1514.jpeg, ok
train_ok_1515.jpeg, ok
train_ok_1516.jpeg, ok
train_ok_1517.jpeg, ok
train_ok_1518.jpeg, ok
train_ok_1519.jpeg, ok
train_ok_1520.jpeg, ok
train_ok_1521.jpeg, ok
train_ok_1522.jpeg, ok
train_ok_1523.jpeg, ok
train_ok_1524.jpeg, ok
train_ok_1525.jpeg, ok
train_ok_1526.jpeg, ok
train_ok_1527.jpeg, ok
train_ok_1528.jpeg, ok
train_ok_1529.jpeg, ok
train_ok_1530.jpeg, ok
train_ok_1531.jpeg, ok
train_ok_1532.jpeg, ok
train_ok_1533.jpeg, ok
train_ok_1534.jpeg, ok
train_ok_1535.jpeg, ok
train_ok_1536.jpeg, ok
train_ok_1537.jpeg, ok
train_ok_1538.jpeg, ok
train_ok_1539.jpeg, ok
train_ok_1540.jpeg, ok
train_ok_1541.jpeg, ok
train_ok_1542.jpeg, ok
train_ok_1543.jpeg, ok
train_ok_1544.jpeg, ok
train_ok_1545.jpeg, ok
train_ok_1546.jpeg, ok
train_ok_1547.jpeg, ok
train_ok_1548.jpeg, ok
train_ok_1549.jpeg, ok
train_ok_1550.jpeg, ok
train_ok_1551.jpeg, ok
train_ok_1552.jpeg, ok
train_ok_1553.jpeg, ok
train_ok_1554.jpeg, ok
train_ok_1555.jpeg, ok
train_ok_1556.jpeg, ok
train_ok_1557.jpeg, ok
train_ok_1558.jpeg, ok
train_ok_1559.jpeg, ok
train_ok_1560.jpeg, ok
train_ok_1561.jpeg, ok
train_ok_1562.jpeg, ok
train_ok_1563.jpeg, ok
train_ok_1564.jpeg, ok
train_ok_1565.jpeg, ok
train_ok_1566.jpeg, ok
train_ok_1567.jpeg, ok
train_ok_1568.jpeg, ok
train_ok_1569.jpeg, ok
train_ok_1570.jpeg, ok
train_ok_1571.jpeg, ok
train_ok_1572.jpeg, ok
train_ok_1573.jpeg, ok
train_ok_1574.jpeg, ok
train_ok_1575.jpeg, ok
train_ok_1576.jpeg, ok
train_ok_1577.jpeg, ok
train_ok_1578.jpeg, ok
train_ok_1579.jpeg, ok
train_ok_1580.jpeg, ok
train_ok_1581.jpeg, ok
train_ok_1582.jpeg, ok
train_ok_1583.jpeg, ok
train_ok_1584.jpeg, ok
train_ok_1585.jpeg, ok
train_ok_1586.jpeg, ok
train_ok_1587.jpeg, ok
train_ok_1588.jpeg, ok
train_ok_1589.jpeg, ok
train_ok_1590.jpeg, ok
train_ok_1591.jpeg, ok
train_ok_1592.jpeg, ok
train_ok_1593.jpeg, ok
train_ok_1594.jpeg, ok
train_ok_1595.jpeg, ok
train_ok_1596.jpeg, ok
train_ok_1597.jpeg, ok
train_ok_1598.jpeg, ok
train_ok_1599.jpeg, ok
train_ok_1600.jpeg, ok
train_ok_1601.jpeg, ok
train_ok_1602.jpeg, ok
train_ok_1603.jpeg, ok
train_ok_1604.jpeg, ok
train_ok_1605.jpeg, ok
train_ok_1606.jpeg, ok
train_ok_1607.jpeg, ok
train_ok_1608.jpeg, ok
train_ok_1609.jpeg, ok
train_ok_1610.jpeg, ok
train_ok_1611.jpeg, ok
train_ok_1612.jpeg, ok
train_ok_1613.jpeg, ok
train_ok_1614.jpeg, ok
train_ok_1615.jpeg, ok
train_ok_1616.jpeg, ok
train_ok_1617.jpeg, ok
train_ok_1618.jpeg, ok
train_ok_1619.jpeg, ok
train_ok_1620.jpeg, ok
train_ok_1621.jpeg, ok
train_ok_1622.jpeg, ok
train_ok_1623.jpeg, ok
train_ok_1624.jpeg, ok
train_ok_1625.jpeg, ok
train_ok_1626.jpeg, ok
train_ok_1627.jpeg, ok
train_ok_1628.jpeg, ok
train_ok_1629.jpeg, ok
train_ok_1630.jpeg, ok
train_ok_1631.jpeg, ok
train_ok_1632.jpeg, ok
train_ok_1633.jpeg, ok
train_ok_1634.jpeg, ok
train_ok_1635.jpeg, ok
train_ok_1636.jpeg, ok
train_ok_1637.jpeg, ok
train_ok_1638.jpeg, ok
train_ok_1639.jpeg, ok
train_ok_1640.jpeg, ok
train_ok_1641.jpeg, ok
train_ok_1642.jpeg, ok
train_ok_1643.jpeg, ok
train_ok_1644.jpeg, ok
train_ok_1645.jpeg, ok
train_ok_1646.jpeg, ok
train_ok_1647.jpeg, ok
train_ok_1648.jpeg, ok
train_ok_1649.jpeg, ok
train_ok_1650.jpeg, ok
train_ok_1651.jpeg, ok
train_ok_1652.jpeg, ok
train_ok_1653.jpeg, ok
train_ok_1654.jpeg, ok
train_ok_1655.jpeg, ok
train_ok_1656.jpeg, ok
train_ok_1657.jpeg, ok
train_ok_1658.jpeg, ok
train_ok_1659.jpeg, ok
train_ok_1660.jpeg, ok
train_ok_1661.jpeg, ok
train_ok_1662.jpeg, ok
train_ok_1663.jpeg, ok
train_ok_1664.jpeg, ok
train_ok_1665.jpeg, ok
train_ok_1666.jpeg, ok
train_ok_1667.jpeg, ok
train_ok_1668.jpeg, ok
train_ok_1669.jpeg, ok
train_ok_1670.jpeg, ok
train_ok_1671.jpeg, ok
train_ok_1672.jpeg, ok
train_ok_1673.jpeg, ok
train_ok_1674.jpeg, ok
train_ok_1675.jpeg, ok
train_ok_1676.jpeg, ok
train_ok_1677.jpeg, ok
train_ok_1678.jpeg, ok
train_ok_1679.jpeg, ok
train_ok_1680.jpeg, ok
train_ok_1681.jpeg, ok
train_ok_1682.jpeg, ok
train_ok_1683.jpeg, ok
train_ok_1684.jpeg, ok
train_ok_1685.jpeg, ok
train_ok_1686.jpeg, ok
train_ok_1687.jpeg, ok
train_ok_1688.jpeg, ok
train_ok_1689.jpeg, ok
train_ok_1690.jpeg, ok
train_ok_1691.jpeg, ok
train_ok_1692.jpeg, ok
train_ok_1693.jpeg, ok
train_ok_1694.jpeg, ok
train_ok_1695.jpeg, ok
train_ok_1696.jpeg, ok
train_ok_1697.jpeg, ok
train_ok_1698.jpeg, ok
train_ok_1699.jpeg, ok
train_ok_1700.jpeg, ok
train_ok_1701.jpeg, ok
train_ok_1702.jpeg, ok
train_ok_1703.jpeg, ok
train_ok_1704.jpeg, ok
train_ok_1705.jpeg, ok
train_ok_1706.jpeg, ok
train_ok_1707.jpeg, ok
train_ok_1708.jpeg, ok
train_ok_1709.jpeg, ok
train_ok_1710.jpeg, ok
train_ok_1711.jpeg, ok
train_ok_1712.jpeg, ok
train_ok_1713.jpeg, ok
train_ok_1714.jpeg, ok
train_ok_1715.jpeg, ok
train_ok_1716.jpeg, ok
train_ok_1717.jpeg, ok
train_ok_1718.jpeg, ok
train_ok_1719.jpeg, ok
train_ok_1720.jpeg, ok
train_ok_1721.jpeg, ok
train_ok_1722.jpeg, ok
train_ok_1723.jpeg, ok
train_ok_1724.jpeg, ok
train_ok_1725.jpeg, ok
train_ok_1726.jpeg, ok
train_ok_1727.jpeg, ok
train_ok_1728.jpeg, ok
train_ok_1729.jpeg, ok
train_ok_1730.jpeg, ok
train_ok_1731.jpeg, ok
train_ok_1732.jpeg, ok
train_ok_1733.jpeg, ok
train_ok_1734.jpeg, ok
train_ok_1735.jpeg, ok
train_ok_1736.jpeg, ok
train_ok_1737.jpeg, ok
train_ok_1738.jpeg, ok
train_ok_1739.jpeg, ok
train_ok_1740.jpeg, ok
train_ok_1741.jpeg, ok
train_ok_1742.jpeg, ok
train_ok_1743.jpeg, ok
train_ok_1744.jpeg, ok
train_ok_1745.jpeg, ok
train_ok_1746.jpeg, ok
train_ok_1747.jpeg, ok
train_ok_1748.jpeg, ok
train_ok_1749.jpeg, ok
train_ok_1750.jpeg, ok
train_ok_1751.jpeg, ok
train_ok_1752.jpeg, ok
train_ok_1753.jpeg, ok
train_ok_1754.jpeg, ok
train_ok_1755.jpeg, ok
train_ok_1756.jpeg, ok
train_ok_1757.jpeg, ok
train_ok_1758.jpeg, ok
train_ok_1759.jpeg, ok
train_ok_1760.jpeg, ok
train_ok_1761.jpeg, ok
train_ok_1762.jpeg, ok
train_ok_1763.jpeg, ok
train_ok_1764.jpeg, ok
train_ok_1765.jpeg, ok
train_ok_1766.jpeg, ok
train_ok_1767.jpeg, ok
train_ok_1768.jpeg, ok
train_ok_1769.jpeg, ok
train_ok_1770.jpeg, ok
train_ok_1771.jpeg, ok
train_ok_1772.jpeg, ok
train_ok_1773.jpeg, ok
train_ok_1774.jpeg, ok
train_ok_1775.jpeg, ok
train_ok_1776.jpeg, ok
train_ok_1777.jpeg, ok
train_ok_1778.jpeg, ok
train_ok_1779.jpeg, ok
train_ok_1780.jpeg, ok
train_ok_1781.jpeg, ok
train_ok_1782.jpeg, ok
train_ok_1783.jpeg, ok
train_ok_1784.jpeg, ok
train_ok_1785.jpeg, ok
train_ok_1786.jpeg, ok
train_ok_1787.jpeg, ok
train_ok_1788.jpeg, ok
train_ok_1789.jpeg, ok
train_ok_1790.jpeg, ok
train_ok_1791.jpeg, ok
train_ok_1792.jpeg, ok
train_ok_1793.jpeg, ok
train_ok_1794.jpeg, ok
train_ok_1795.jpeg, ok
train_ok_1796.jpeg, ok
train_ok_1797.jpeg, ok
train_ok_1798.jpeg, ok
train_ok_1799.jpeg, ok
train_ok_1800.jpeg, ok
train_ok_1801.jpeg, ok
train_ok_1802.jpeg, ok
train_ok_1803.jpeg, ok
train_ok_1804.jpeg, ok
train_ok_1805.jpeg, ok
train_ok_1806.jpeg, ok
train_ok_1807.jpeg, ok
train_ok_1808.jpeg, ok
train_ok_1809.jpeg, ok
train_ok_1810.jpeg, ok
train_ok_1811.jpeg, ok
train_ok_1812.jpeg, ok
train_ok_1813.jpeg, ok
train_ok_1814.jpeg, ok
train_ok_1815.jpeg, ok
train_ok_1816.jpeg, ok
train_ok_1817.jpeg, ok
train_ok_1818.jpeg, ok
train_ok_1819.jpeg, ok
train_ok_1820.jpeg, ok
train_ok_1821.jpeg, ok
train_ok_1822.jpeg, ok
train_ok_1823.jpeg, ok
train_ok_1824.jpeg, ok
train_ok_1825.jpeg, ok
train_ok_1826.jpeg, ok
train_ok_1827.jpeg, ok
train_ok_1828.jpeg, ok
train_ok_1829.jpeg, ok
train_ok_1830.jpeg, ok
train_ok_1831.jpeg, ok
train_ok_1832.jpeg, ok
train_ok_1833.jpeg, ok
train_ok_1834.jpeg, ok
train_ok_1835.jpeg, ok
train_ok_1836.jpeg, ok
train_ok_1837.jpeg, ok
train_ok_1838.jpeg, ok
train_ok_1839.jpeg, ok
train_ok_1840.jpeg, ok
train_ok_1841.jpeg, ok
train_ok_1842.jpeg, ok
train_ok_1843.jpeg, ok
train_ok_1844.jpeg, ok
train_ok_1845.jpeg, ok
train_ok_1846.jpeg, ok
train_ok_1847.jpeg, ok
train_ok_1848.jpeg, ok
train_ok_1849.jpeg, ok
train_ok_1850.jpeg, ok
train_ok_1851.jpeg, ok
train_ok_1852.jpeg, ok
train_ok_1853.jpeg, ok
train_ok_1854.jpeg, ok
train_ok_1855.jpeg, ok
train_ok_1856.jpeg, ok
train_ok_1857.jpeg, ok
train_ok_1858.jpeg, ok
train_ok_1859.jpeg, ok
train_ok_1860.jpeg, ok
train_ok_1861.jpeg, ok
train_ok_1862.jpeg, ok
train_ok_1863.jpeg, ok
train_ok_1864.jpeg, ok
train_ok_1865.jpeg, ok
train_ok_1866.jpeg, ok
train_ok_1867.jpeg, ok
train_ok_1868.jpeg, ok
train_ok_1869.jpeg, ok
train_ok_1870.jpeg, ok
train_ok_1871.jpeg, ok
train_ok_1872.jpeg, ok
train_ok_1873.jpeg, ok
train_ok_1874.jpeg, ok
train_ok_1875.jpeg, ok
train_ok_1876.jpeg, ok
train_ok_1877.jpeg, ok
train_ok_1878.jpeg, ok
train_ok_1879.jpeg, ok
train_ok_1880.jpeg, ok
train_ok_1881.jpeg, ok
train_ok_1882.jpeg, ok
train_ok_1883.jpeg, ok
train_ok_1884.jpeg, ok
train_ok_1885.jpeg, ok
train_ok_1886.jpeg, ok
train_ok_1887.jpeg, ok
train_ok_1888.jpeg, ok
train_ok_1889.jpeg, ok
train_ok_1890.jpeg, ok
train_ok_1891.jpeg, ok
train_ok_1892.jpeg, ok
train_ok_1893.jpeg, ok
train_ok_1894.jpeg, ok
train_ok_1895.jpeg, ok
train_ok_1896.jpeg, ok
train_ok_1897.jpeg, ok
train_ok_1898.jpeg, ok
train_ok_1899.jpeg, ok
train_ok_1900.jpeg, ok
train_ok_1901.jpeg, ok
train_ok_1902.jpeg, ok
train_ok_1903.jpeg, ok
train_ok_1904.jpeg, ok
train_ok_1905.jpeg, ok
train_ok_1906.jpeg, ok
train_ok_1907.jpeg, ok
train_ok_1908.jpeg, ok
train_ok_1909.jpeg, ok
train_ok_1910.jpeg, ok
train_ok_1911.jpeg, ok
train_ok_1912.jpeg, ok
train_ok_1913.jpeg, ok
train_ok_1914.jpeg, ok
train_ok_1915.jpeg, ok
train_ok_1916.jpeg, ok
train_ok_1917.jpeg, ok
train_ok_1918.jpeg, ok
train_ok_1919.jpeg, ok
train_ok_1920.jpeg, ok
train_ok_1921.jpeg, ok
train_ok_1922.jpeg, ok
train_ok_1923.jpeg, ok
train_ok_1924.jpeg, ok
train_ok_1925.jpeg, ok
train_ok_1926.jpeg, ok
train_ok_1927.jpeg, ok
train_ok_1928.jpeg, ok
train_ok_1929.jpeg, ok
train_ok_1930.jpeg, ok
train_ok_1931.jpeg, ok
train_ok_1932.jpeg, ok
train_ok_1933.jpeg, ok
train_ok_1934.jpeg, ok
train_ok_1935.jpeg, ok
train_ok_1936.jpeg, ok
train_ok_1937.jpeg, ok
train_ok_1938.jpeg, ok
train_ok_1939.jpeg, ok
train_ok_1940.jpeg, ok
train_ok_1941.jpeg, ok
train_ok_1942.jpeg, ok
train_ok_1943.jpeg, ok
train_ok_1944.jpeg, ok
train_ok_1945.jpeg, ok
train_ok_1946.jpeg, ok
train_ok_1947.jpeg, ok
train_ok_1948.jpeg, ok
train_ok_1949.jpeg, ok
train_ok_1950.jpeg, ok
train_ok_1951.jpeg, ok
train_ok_1952.jpeg, ok
train_ok_1953.jpeg, ok
train_ok_1954.jpeg, ok
train_ok_1955.jpeg, ok
train_ok_1956.jpeg, ok
train_ok_1957.jpeg, ok
train_ok_1958.jpeg, ok
train_ok_1959.jpeg, ok
train_ok_1960.jpeg, ok
train_ok_1961.jpeg, ok
train_ok_1962.jpeg, ok
train_ok_1963.jpeg, ok
train_ok_1964.jpeg, ok
train_ok_1965.jpeg, ok
train_ok_1966.jpeg, ok
train_ok_1967.jpeg, ok
train_ok_1968.jpeg, ok
train_ok_1969.jpeg, ok
train_ok_1970.jpeg, ok
train_ok_1971.jpeg, ok
train_ok_1972.jpeg, ok
train_ok_1973.jpeg, ok
train_ok_1974.jpeg, ok
train_ok_1975.jpeg, ok
train_ok_1976.jpeg, ok
train_ok_1977.jpeg, ok
train_ok_1978.jpeg, ok
train_ok_1979.jpeg, ok
train_ok_1980.jpeg, ok
train_ok_1981.jpeg, ok
train_ok_1982.jpeg, ok
train_ok_1983.jpeg, ok
train_ok_1984.jpeg, ok
train_ok_1985.jpeg, ok
train_ok_1986.jpeg, ok
train_ok_1987.jpeg, ok
train_ok_1988.jpeg, ok
train_ok_1989.jpeg, ok
train_ok_1990.jpeg, ok
train_ok_1991.jpeg, ok
train_ok_1992.jpeg, ok
train_ok_1993.jpeg, ok
train_ok_1994.jpeg, ok
train_ok_1995.jpeg, ok
train_ok_1996.jpeg, ok
train_ok_1997.jpeg, ok
train_ok_1998.jpeg, ok
train_ok_1999.jpeg, ok
train_ok_2000.jpeg, ok
train_ok_2001.jpeg, ok
train_ok_2002.jpeg, ok
train_ok_2003.jpeg, ok
train_ok_2004.jpeg, ok
train_ok_2005.jpeg, ok
train_ok_2006.jpeg, ok
train_ok_2007.jpeg, ok
train_ok_2008.jpeg, ok
train_ok_2009.jpeg, ok
train_ok_2010.jpeg, ok
train_ok_2011.jpeg, ok
train_ok_2012.jpeg, ok
train_ok_2013.jpeg, ok
train_ok_2014.jpeg, ok
train_ok_2015.jpeg, ok
train_ok_2016.jpeg, ok
train_ok_2017.jpeg, ok
train_ok_2018.jpeg, ok
train_ok_2019.jpeg, ok
train_ok_2020.jpeg, ok
train_ok_2021.jpeg, ok
train_ok_2022.jpeg, ok
train_ok_2023.jpeg, ok
train_ok_2024.jpeg, ok
train_ok_2025.jpeg, ok
train_ok_2026.jpeg, ok
train_ok_2027.jpeg, ok
train_ok_2028.jpeg, ok
train_ok_2029.jpeg, ok
train_ok_2030.jpeg, ok
train_ok_2031.jpeg, ok
train_ok_2032.jpeg, ok
train_ok_2033.jpeg, ok
train_ok_2034.jpeg, ok
train_ok_2035.jpeg, ok
train_ok_2036.jpeg, ok
train_ok_2037.jpeg, ok
train_ok_2038.jpeg, ok
train_ok_2039.jpeg, ok
train_ok_2040.jpeg, ok
train_ok_2041.jpeg, ok
train_ok_2042.jpeg, ok
train_ok_2043.jpeg, ok
train_ok_2044.jpeg, ok
train_ok_2045.jpeg, ok
train_ok_2046.jpeg, ok
train_ok_2047.jpeg, ok
train_ok_2048.jpeg, ok
train_ok_2049.jpeg, ok
train_ok_2050.jpeg, ok
train_ok_2051.jpeg, ok
train_ok_2052.jpeg, ok
train_ok_2053.jpeg, ok
train_ok_2054.jpeg, ok
train_ok_2055.jpeg, ok
train_ok_2056.jpeg, ok
train_ok_2057.jpeg, ok
train_ok_2058.jpeg, ok
train_ok_2059.jpeg, ok
train_ok_2060.jpeg, ok
train_ok_2061.jpeg, ok
train_ok_2062.jpeg, ok
train_ok_2063.jpeg, ok
train_ok_2064.jpeg, ok
train_ok_2065.jpeg, ok
train_ok_2066.jpeg, ok
train_ok_2067.jpeg, ok
train_ok_2068.jpeg, ok
train_ok_2069.jpeg, ok
train_ok_2070.jpeg, ok
train_ok_2071.jpeg, ok
train_ok_2072.jpeg, ok
train_ok_2073.jpeg, ok
train_ok_2074.jpeg, ok
train_ok_2075.jpeg, ok
train_ok_2076.jpeg, ok
train_ok_2077.jpeg, ok
train_ok_2078.jpeg, ok
train_ok_2079.jpeg, ok
train_ok_2080.jpeg, ok
train_ok_2081.jpeg, ok
train_ok_2082.jpeg, ok
train_ok_2083.jpeg, ok
train_ok_2084.jpeg, ok
train_ok_2085.jpeg, ok
train_ok_2086.jpeg, ok
train_ok_2087.jpeg, ok
train_ok_2088.jpeg, ok
train_ok_2089.jpeg, ok
train_ok_2090.jpeg, ok
train_ok_2091.jpeg, ok
train_ok_2092.jpeg, ok
train_ok_2093.jpeg, ok
train_ok_2094.jpeg, ok
train_ok_2095.jpeg, ok
train_ok_2096.jpeg, ok
train_ok_2097.jpeg, ok
train_ok_2098.jpeg, ok
train_ok_2099.jpeg, ok
train_ok_2100.jpeg, ok
train_ok_2101.jpeg, ok
train_ok_2102.jpeg, ok
train_ok_2103.jpeg, ok
train_ok_2104.jpeg, ok
train_ok_2105.jpeg, ok
train_ok_2106.jpeg, ok
train_ok_2107.jpeg, ok
train_ok_2108.jpeg, ok
train_ok_2109.jpeg, ok
train_ok_2110.jpeg, ok
train_ok_2111.jpeg, ok
train_ok_2112.jpeg, ok
train_ok_2113.jpeg, ok
train_ok_2114.jpeg, ok
train_ok_2115.jpeg, ok
train_ok_2116.jpeg, ok
train_ok_2117.jpeg, ok
train_ok_2118.jpeg, ok
train_ok_2119.jpeg, ok
train_ok_2120.jpeg, ok
train_ok_2121.jpeg, ok
train_ok_2122.jpeg, ok
train_ok_2123.jpeg, ok
train_ok_2124.jpeg, ok
train_ok_2125.jpeg, ok
train_ok_2126.jpeg, ok
train_ok_2127.jpeg, ok
train_ok_2128.jpeg, ok
train_ok_2129.jpeg, ok
train_ok_2130.jpeg, ok
train_ok_2131.jpeg, ok
train_ok_2132.jpeg, ok
train_ok_2133.jpeg, ok
train_ok_2134.jpeg, ok
train_ok_2135.jpeg, ok
train_ok_2136.jpeg, ok
train_ok_2137.jpeg, ok
train_ok_2138.jpeg, ok
train_ok_2139.jpeg, ok
train_ok_2140.jpeg, ok
train_ok_2141.jpeg, ok
train_ok_2142.jpeg, ok
train_ok_2143.jpeg, ok
train_ok_2144.jpeg, ok
train_ok_2145.jpeg, ok
train_ok_2146.jpeg, ok
train_ok_2147.jpeg, ok
train_ok_2148.jpeg, ok
train_ok_2149.jpeg, ok
train_ok_2150.jpeg, ok
train_ok_2151.jpeg, ok
train_ok_2152.jpeg, ok
train_ok_2153.jpeg, ok
train_ok_2154.jpeg, ok
train_ok_2155.jpeg, ok
train_ok_2156.jpeg, ok
train_ok_2157.jpeg, ok
train_ok_2158.jpeg, ok
train_ok_2159.jpeg, ok
train_ok_2160.jpeg, ok
train_ok_2161.jpeg, ok
train_ok_2162.jpeg, ok
train_ok_2163.jpeg, ok
train_ok_2164.jpeg, ok
train_ok_2165.jpeg, ok
train_ok_2166.jpeg, ok
train_ok_2167.jpeg, ok
train_ok_2168.jpeg, ok
train_ok_2169.jpeg, ok
train_ok_2170.jpeg, ok
train_ok_2171.jpeg, ok
train_ok_2172.jpeg, ok
train_ok_2173.jpeg, ok
train_ok_2174.jpeg, ok
train_ok_2175.jpeg, ok
train_ok_2176.jpeg, ok
train_ok_2177.jpeg, ok
train_ok_2178.jpeg, ok
train_ok_2179.jpeg, ok
train_ok_2180.jpeg, ok
train_ok_2181.jpeg, ok
train_ok_2182.jpeg, ok
train_ok_2183.jpeg, ok
train_ok_2184.jpeg, ok
train_ok_2185.jpeg, ok
train_ok_2186.jpeg, ok
train_ok_2187.jpeg, ok
train_ok_2188.jpeg, ok
train_ok_2189.jpeg, ok
train_ok_2190.jpeg, ok
train_ok_2191.jpeg, ok
train_ok_2192.jpeg, ok
train_ok_2193.jpeg, ok
train_ok_2194.jpeg, ok
train_ok_2195.jpeg, ok
train_ok_2196.jpeg, ok
train_ok_2197.jpeg, ok
train_ok_2198.jpeg, ok
train_ok_2199.jpeg, ok
train_ok_2200.jpeg, ok
train_ok_2201.jpeg, ok
train_ok_2202.jpeg, ok
train_ok_2203.jpeg, ok
train_ok_2204.jpeg, ok
train_ok_2205.jpeg, ok
train_ok_2206.jpeg, ok
train_ok_2207.jpeg, ok
train_ok_2208.jpeg, ok
train_ok_2209.jpeg, ok
train_ok_2210.jpeg, ok
train_ok_2211.jpeg, ok
train_ok_2212.jpeg, ok
train_ok_2213.jpeg, ok
train_ok_2214.jpeg, ok
train_ok_2215.jpeg, ok
train_ok_2216.jpeg, ok
train_ok_2217.jpeg, ok
train_ok_2218.jpeg, ok
train_ok_2219.jpeg, ok
train_ok_2220.jpeg, ok
train_ok_2221.jpeg, ok
train_ok_2222.jpeg, ok
train_ok_2223.jpeg, ok
train_ok_2224.jpeg, ok
train_ok_2225.jpeg, ok
train_ok_2226.jpeg, ok
train_ok_2227.jpeg, ok
train_ok_2228.jpeg, ok
train_ok_2229.jpeg, ok
train_ok_2230.jpeg, ok
train_ok_2231.jpeg, ok
train_ok_2232.jpeg, ok
train_ok_2233.jpeg, ok
train_ok_2234.jpeg, ok
train_ok_2235.jpeg, ok
train_ok_2236.jpeg, ok
train_ok_2237.jpeg, ok
train_ok_2238.jpeg, ok
train_ok_2239.jpeg, ok
train_ok_2240.jpeg, ok
train_ok_2241.jpeg, ok
train_ok_2242.jpeg, ok
train_ok_2243.jpeg, ok
train_ok_2244.jpeg, ok
train_ok_2245.jpeg, ok
train_ok_2246.jpeg, ok
train_ok_2247.jpeg, ok
train_ok_2248.jpeg, ok
train_ok_2249.jpeg, ok
train_ok_2250.jpeg, ok
train_ok_2251.jpeg, ok
train_ok_2252.jpeg, ok
train_ok_2253.jpeg, ok
train_ok_2254.jpeg, ok
train_ok_2255.jpeg, ok
train_ok_2256.jpeg, ok
train_ok_2257.jpeg, ok
train_ok_2258.jpeg, ok
train_ok_2259.jpeg, ok
train_ok_2260.jpeg, ok
train_ok_2261.jpeg, ok
train_ok_2262.jpeg, ok
train_ok_2263.jpeg, ok
train_ok_2264.jpeg, ok
train_ok_2265.jpeg, ok
train_ok_2266.jpeg, ok
train_ok_2267.jpeg, ok
train_ok_2268.jpeg, ok
train_ok_2269.jpeg, ok
train_ok_2270.jpeg, ok
train_ok_2271.jpeg, ok
train_ok_2272.jpeg, ok
train_ok_2273.jpeg, ok
train_ok_2274.jpeg, ok
train_ok_2275.jpeg, ok
train_ok_2276.jpeg, ok
train_ok_2277.jpeg, ok
train_ok_2278.jpeg, ok
train_ok_2279.jpeg, ok
train_ok_2280.jpeg, ok
train_ok_2281.jpeg, ok
train_ok_2282.jpeg, ok
train_ok_2283.jpeg, ok
train_ok_2284.jpeg, ok
train_ok_2285.jpeg, ok
train_ok_2286.jpeg, ok
train_ok_2287.jpeg, ok
train_ok_2288.jpeg, ok
train_ok_2289.jpeg, ok
train_ok_2290.jpeg, ok
train_ok_2291.jpeg, ok
train_ok_2292.jpeg, ok
train_ok_2293.jpeg, ok
train_ok_2294.jpeg, ok
train_ok_2295.jpeg, ok
train_ok_2296.jpeg, ok
train_ok_2297.jpeg, ok
train_ok_2298.jpeg, ok
train_ok_2299.jpeg, ok
train_ok_2300.jpeg, ok
train_ok_2301.jpeg, ok
train_ok_2302.jpeg, ok
train_ok_2303.jpeg, ok
train_ok_2304.jpeg, ok
train_ok_2305.jpeg, ok
train_ok_2306.jpeg, ok
train_ok_2307.jpeg, ok
train_ok_2308.jpeg, ok
train_ok_2309.jpeg, ok
train_ok_2310.jpeg, ok
train_ok_2311.jpeg, ok
train_ok_2312.jpeg, ok
train_ok_2313.jpeg, ok
train_ok_2314.jpeg, ok
train_ok_2315.jpeg, ok
train_ok_2316.jpeg, ok
train_ok_2317.jpeg, ok
train_ok_2318.jpeg, ok
train_ok_2319.jpeg, ok
train_ok_2320.jpeg, ok
train_ok_2321.jpeg, ok
train_ok_2322.jpeg, ok
train_ok_2323.jpeg, ok
train_ok_2324.jpeg, ok
train_ok_2325.jpeg, ok
train_ok_2326.jpeg, ok
train_ok_2327.jpeg, ok
train_ok_2328.jpeg, ok
train_ok_2329.jpeg, ok
train_ok_2330.jpeg, ok
train_ok_2331.jpeg, ok
train_ok_2332.jpeg, ok
train_ok_2333.jpeg, ok
train_ok_2334.jpeg, ok
train_ok_2335.jpeg, ok
train_ok_2336.jpeg, ok
train_ok_2337.jpeg, ok
train_ok_2338.jpeg, ok
train_ok_2339.jpeg, ok
train_ok_2340.jpeg, ok
train_ok_2341.jpeg, ok
train_ok_2342.jpeg, ok
train_ok_2343.jpeg, ok
train_ok_2344.jpeg, ok
train_ok_2345.jpeg, ok
train_ok_2346.jpeg, ok
train_ok_2347.jpeg, ok
train_ok_2348.jpeg, ok
train_ok_2349.jpeg, ok
train_ok_2350.jpeg, ok
train_ok_2351.jpeg, ok
train_ok_2352.jpeg, ok
train_ok_2353.jpeg, ok
train_ok_2354.jpeg, ok
train_ok_2355.jpeg, ok
train_ok_2356.jpeg, ok
train_ok_2357.jpeg, ok
train_ok_2358.jpeg, ok
train_ok_2359.jpeg, ok
train_ok_2360.jpeg, ok
train_ok_2361.jpeg, ok
train_ok_2362.jpeg, ok
train_ok_2363.jpeg, ok
train_ok_2364.jpeg, ok
train_ok_2365.jpeg, ok
train_ok_2366.jpeg, ok
train_ok_2367.jpeg, ok
train_ok_2368.jpeg, ok
train_ok_2369.jpeg, ok
train_ok_2370.jpeg, ok
train_ok_2371.jpeg, ok
train_ok_2372.jpeg, ok
train_ok_2373.jpeg, ok
train_ok_2374.jpeg, ok
train_ok_2375.jpeg, ok
train_ok_2376.jpeg, ok
train_ok_2377.jpeg, ok
train_ok_2378.jpeg, ok
train_ok_2379.jpeg, ok
train_ok_2380.jpeg, ok
train_ok_2381.jpeg, ok
train_ok_2382.jpeg, ok
train_ok_2383.jpeg, ok
train_ok_2384.jpeg, ok
train_ok_2385.jpeg, ok
train_ok_2386.jpeg, ok
train_ok_2387.jpeg, ok
train_ok_2388.jpeg, ok
train_ok_2389.jpeg, ok
train_ok_2390.jpeg, ok
train_ok_2391.jpeg, ok
train_ok_2392.jpeg, ok
train_ok_2393.jpeg, ok
train_ok_2394.jpeg, ok
train_ok_2395.jpeg, ok
train_ok_2396.jpeg, ok
train_ok_2397.jpeg, ok
train_ok_2398.jpeg, ok
train_ok_2399.jpeg, ok
train_ok_2400.jpeg, ok
train_ok_2401.jpeg, ok
train_ok_2402.jpeg, ok
train_ok_2403.jpeg, ok
train_ok_2404.jpeg, ok
train_ok_2405.jpeg, ok
train_ok_2406.jpeg, ok
train_ok_2407.jpeg, ok
train_ok_2408.jpeg, ok
train_ok_2409.jpeg, ok
train_ok_2410.jpeg, ok
train_ok_2411.jpeg, ok
train_ok_2412.jpeg, ok
train_ok_2413.jpeg, ok
train_ok_2414.jpeg, ok
train_ok_2415.jpeg, ok
train_ok_2416.jpeg, ok
train_ok_2417.jpeg, ok
train_ok_2418.jpeg, ok
train_ok_2419.jpeg, ok
train_ok_2420.jpeg, ok
train_ok_2421.jpeg, ok
train_ok_2422.jpeg, ok
train_ok_2423.jpeg, ok
train_ok_2424.jpeg, ok
train_ok_2425.jpeg, ok
train_ok_2426.jpeg, ok
train_ok_2427.jpeg, ok
train_ok_2428.jpeg, ok
train_ok_2429.jpeg, ok
train_ok_2430.jpeg, ok
train_ok_2431.jpeg, ok
train_ok_2432.jpeg, ok
train_ok_2433.jpeg, ok
train_ok_2434.jpeg, ok
train_ok_2435.jpeg, ok
train_ok_2436.jpeg, ok
train_ok_2437.jpeg, ok
train_ok_2438.jpeg, ok
train_ok_2439.jpeg, ok
train_ok_2440.jpeg, ok
train_ok_2441.jpeg, ok
train_ok_2442.jpeg, ok
train_ok_2443.jpeg, ok
train_ok_2444.jpeg, ok
train_ok_2445.jpeg, ok
train_ok_2446.jpeg, ok
train_ok_2447.jpeg, ok
train_ok_2448.jpeg, ok
train_ok_2449.jpeg, ok
train_ok_2450.jpeg, ok
train_ok_2451.jpeg, ok
train_ok_2452.jpeg, ok
train_ok_2453.jpeg, ok
train_ok_2454.jpeg, ok
train_ok_2455.jpeg, ok
train_ok_2456.jpeg, ok
train_ok_2457.jpeg, ok
train_ok_2458.jpeg, ok
train_ok_2459.jpeg, ok
train_ok_2460.jpeg, ok
train_ok_2461.jpeg, ok
train_ok_2462.jpeg, ok
train_ok_2463.jpeg, ok
train_ok_2464.jpeg, ok
train_ok_2465.jpeg, ok
train_ok_2466.jpeg, ok
train_ok_2467.jpeg, ok
train_ok_2468.jpeg, ok
train_ok_2469.jpeg, ok
train_ok_2470.jpeg, ok
train_ok_2471.jpeg, ok
train_ok_2472.jpeg, ok
train_ok_2473.jpeg, ok
train_ok_2474.jpeg, ok
train_ok_2475.jpeg, ok
train_ok_2476.jpeg, ok
train_ok_2477.jpeg, ok
train_ok_2478.jpeg, ok
train_ok_2479.jpeg, ok
train_ok_2480.jpeg, ok
train_ok_2481.jpeg, ok
train_ok_2482.jpeg, ok
train_ok_2483.jpeg, ok
train_ok_2484.jpeg, ok
train_ok_2485.jpeg, ok
train_ok_2486.jpeg, ok
train_ok_2487.jpeg, ok
train_ok_2488.jpeg, ok
train_ok_2489.jpeg, ok
train_ok_2490.jpeg, ok
train_ok_2491.jpeg, ok
train_ok_2492.jpeg, ok
train_ok_2493.jpeg, ok
train_ok_2494.jpeg, ok
train_ok_2495.jpeg, ok
train_ok_2496.jpeg, ok
train_ok_2497.jpeg, ok
train_ok_2498.jpeg, ok
train_ok_2499.jpeg, ok
train_ok_2500.jpeg, ok
train_ok_2501.jpeg, ok
train_ok_2502.jpeg, ok
train_ok_2503.jpeg, ok
train_ok_2504.jpeg, ok
train_ok_2505.jpeg, ok
train_ok_2506.jpeg, ok
train_ok_2507.jpeg, ok
train_ok_2508.jpeg, ok
train_ok_2509.jpeg, ok
train_ok_2510.jpeg, ok
train_ok_2511.jpeg, ok
train_ok_2512.jpeg, ok
train_ok_2513.jpeg, ok
train_ok_2514.jpeg, ok
train_ok_2515.jpeg, ok
train_ok_2516.jpeg, ok
train_ok_2517.jpeg, ok
train_ok_2518.jpeg, ok
train_ok_2519.jpeg, ok
train_ok_2520.jpeg, ok
train_ok_2521.jpeg, ok
train_ok_2522.jpeg, ok
train_ok_2523.jpeg, ok
train_ok_2524.jpeg, ok
train_ok_2525.jpeg, ok
train_ok_2526.jpeg, ok
train_ok_2527.jpeg, ok
train_ok_2528.jpeg, ok
train_ok_2529.jpeg, ok
train_ok_2530.jpeg, ok
train_ok_2531.jpeg, ok
train_ok_2532.jpeg, ok
train_ok_2533.jpeg, ok
train_ok_2534.jpeg, ok
train_ok_2535.jpeg, ok
train_ok_2536.jpeg, ok
train_ok_2537.jpeg, ok
train_ok_2538.jpeg, ok
train_ok_2539.jpeg, ok
train_ok_2540.jpeg, ok
train_ok_2541.jpeg, ok
train_ok_2542.jpeg, ok
train_ok_2543.jpeg, ok
train_ok_2544.jpeg, ok
train_ok_2545.jpeg, ok
train_ok_2546.jpeg, ok
train_ok_2547.jpeg, ok
train_ok_2548.jpeg, ok
train_ok_2549.jpeg, ok
train_ok_2550.jpeg, ok
train_ok_2551.jpeg, ok
train_ok_2552.jpeg, ok
train_ok_2553.jpeg, ok
train_ok_2554.jpeg, ok
train_ok_2555.jpeg, ok
train_ok_2556.jpeg, ok
train_ok_2557.jpeg, ok
train_ok_2558.jpeg, ok
train_ok_2559.jpeg, ok
train_ok_2560.jpeg, ok
train_ok_2561.jpeg, ok
train_ok_2562.jpeg, ok
train_ok_2563.jpeg, ok
train_ok_2564.jpeg, ok
train_ok_2565.jpeg, ok
train_ok_2566.jpeg, ok
train_ok_2567.jpeg, ok
train_ok_2568.jpeg, ok
train_ok_2569.jpeg, ok
train_ok_2570.jpeg, ok
train_ok_2571.jpeg, ok
train_ok_2572.jpeg, ok
train_ok_2573.jpeg, ok
train_ok_2574.jpeg, ok
train_ok_2575.jpeg, ok
train_ok_2576.jpeg, ok
train_ok_2577.jpeg, ok
train_ok_2578.jpeg, ok
train_ok_2579.jpeg, ok
train_ok_2580.jpeg, ok
train_ok_2581.jpeg, ok
train_ok_2582.jpeg, ok
train_ok_2583.jpeg, ok
train_ok_2584.jpeg, ok
train_ok_2585.jpeg, ok
train_ok_2586.jpeg, ok
train_ok_2587.jpeg, ok
train_ok_2588.jpeg, ok
train_ok_2589.jpeg, ok
train_ok_2590.jpeg, ok
train_ok_2591.jpeg, ok
train_ok_2592.jpeg, ok
train_ok_2593.jpeg, ok
train_ok_2594.jpeg, ok
train_ok_2595.jpeg, ok
train_ok_2596.jpeg, ok
train_ok_2597.jpeg, ok
train_ok_2598.jpeg, ok
train_ok_2599.jpeg, ok
train_ok_2600.jpeg, ok
train_ok_2601.jpeg, ok
train_ok_2602.jpeg, ok
train_ok_2603.jpeg, ok
train_ok_2604.jpeg, ok
train_ok_2605.jpeg, ok
train_ok_2606.jpeg, ok
train_ok_2607.jpeg, ok
train_ok_2608.jpeg, ok
train_ok_2609.jpeg, ok
train_ok_2610.jpeg, ok
train_ok_2611.jpeg, ok
train_ok_2612.jpeg, ok
train_ok_2613.jpeg, ok
train_ok_2614.jpeg, ok
train_ok_2615.jpeg, ok
train_ok_2616.jpeg, ok
train_ok_2617.jpeg, ok
train_ok_2618.jpeg, ok
train_ok_2619.jpeg, ok
train_ok_2620.jpeg, ok
train_ok_2621.jpeg, ok
train_ok_2622.jpeg, ok
train_ok_2623.jpeg, ok
train_ok_2624.jpeg, ok
train_ok_2625.jpeg, ok
train_ok_2626.jpeg, ok
train_ok_2627.jpeg, ok
train_ok_2628.jpeg, ok
train_ok_2629.jpeg, ok
train_ok_2630.jpeg, ok
train_ok_2631.jpeg, ok
train_ok_2632.jpeg, ok
train_ok_2633.jpeg, ok
train_ok_2634.jpeg, ok
train_ok_2635.jpeg, ok
train_ok_2636.jpeg, ok
train_ok_2637.jpeg, ok
train_ok_2638.jpeg, ok
train_ok_2639.jpeg, ok
train_ok_2640.jpeg, ok
train_ok_2641.jpeg, ok
train_ok_2642.jpeg, ok
train_ok_2643.jpeg, ok
train_ok_2644.jpeg, ok
train_ok_2645.jpeg, ok
train_ok_2646.jpeg, ok
train_ok_2647.jpeg, ok
train_ok_2648.jpeg, ok
train_ok_2649.jpeg, ok
train_ok_2650.jpeg, ok
train_ok_2651.jpeg, ok
train_ok_2652.jpeg, ok
train_ok_2653.jpeg, ok
train_ok_2654.jpeg, ok
train_ok_2655.jpeg, ok
train_ok_2656.jpeg, ok
train_ok_2657.jpeg, ok
train_ok_2658.jpeg, ok
train_ok_2659.jpeg, ok
train_ok_2660.jpeg, ok
train_ok_2661.jpeg, ok
train_ok_2662.jpeg, ok
train_ok_2663.jpeg, ok
train_ok_2664.jpeg, ok
train_ok_2665.jpeg, ok
train_ok_2666.jpeg, ok
train_ok_2667.jpeg, ok
train_ok_2668.jpeg, ok
train_ok_2669.jpeg, ok
train_ok_2670.jpeg, ok
train_ok_2671.jpeg, ok
train_ok_2672.jpeg, ok
train_ok_2673.jpeg, ok
train_ok_2674.jpeg, ok
train_ok_2675.jpeg, ok
train_ok_2676.jpeg, ok
train_ok_2677.jpeg, ok
train_ok_2678.jpeg, ok
train_ok_2679.jpeg, ok
train_ok_2680.jpeg, ok
train_ok_2681.jpeg, ok
train_ok_2682.jpeg, ok
train_ok_2683.jpeg, ok
train_ok_2684.jpeg, ok
train_ok_2685.jpeg, ok
train_ok_2686.jpeg, ok
train_ok_2687.jpeg, ok
train_ok_2688.jpeg, ok
train_ok_2689.jpeg, ok
train_ok_2690.jpeg, ok
train_ok_2691.jpeg, ok
train_ok_2692.jpeg, ok
train_ok_2693.jpeg, ok
train_ok_2694.jpeg, ok
train_ok_2695.jpeg, ok
train_ok_2696.jpeg, ok
train_ok_2697.jpeg, ok
train_ok_2698.jpeg, ok
train_ok_2699.jpeg, ok
train_ok_2700.jpeg, ok
train_ok_2701.jpeg, ok
train_ok_2702.jpeg, ok
train_ok_2703.jpeg, ok
train_ok_2704.jpeg, ok
train_ok_2705.jpeg, ok
train_ok_2706.jpeg, ok
train_ok_2707.jpeg, ok
train_ok_2708.jpeg, ok
train_ok_2709.jpeg, ok
train_ok_2710.jpeg, ok
train_ok_2711.jpeg, ok
train_ok_2712.jpeg, ok
train_ok_2713.jpeg, ok
train_ok_2714.jpeg, ok
train_ok_2715.jpeg, ok
train_ok_2716.jpeg, ok
train_ok_2717.jpeg, ok
train_ok_2718.jpeg, ok
train_ok_2719.jpeg, ok
train_ok_2720.jpeg, ok
train_ok_2721.jpeg, ok
train_ok_2722.jpeg, ok
train_ok_2723.jpeg, ok
train_ok_2724.jpeg, ok
train_ok_2725.jpeg, ok
train_ok_2726.jpeg, ok
train_ok_2727.jpeg, ok
train_ok_2728.jpeg, ok
train_ok_2729.jpeg, ok
train_ok_2730.jpeg, ok
train_ok_2731.jpeg, ok
train_ok_2732.jpeg, ok
train_ok_2733.jpeg, ok
train_ok_2734.jpeg, ok
train_ok_2735.jpeg, ok
train_ok_2736.jpeg, ok
train_ok_2737.jpeg, ok
train_ok_2738.jpeg, ok
train_ok_2739.jpeg, ok
train_ok_2740.jpeg, ok
train_ok_2741.jpeg, ok
train_ok_2742.jpeg, ok
train_ok_2743.jpeg, ok
train_ok_2744.jpeg, ok
train_ok_2745.jpeg, ok
train_ok_2746.jpeg, ok
train_ok_2747.jpeg, ok
train_ok_2748.jpeg, ok
train_ok_2749.jpeg, ok
train_ok_2750.jpeg, ok
train_ok_2751.jpeg, ok
train_ok_2752.jpeg, ok
train_ok_2753.jpeg, ok
train_ok_2754.jpeg, ok
train_ok_2755.jpeg, ok
train_ok_2756.jpeg, ok
train_ok_2757.jpeg, ok
train_ok_2758.jpeg, ok
train_ok_2759.jpeg, ok
train_ok_2760.jpeg, ok
train_ok_2761.jpeg, ok
train_ok_2762.jpeg, ok
train_ok_2763.jpeg, ok
train_ok_2764.jpeg, ok
train_ok_2765.jpeg, ok
train_ok_2766.jpeg, ok
train_ok_2767.jpeg, ok
train_ok_2768.jpeg, ok
train_ok_2769.jpeg, ok
train_ok_2770.jpeg, ok
train_ok_2771.jpeg, ok
train_ok_2772.jpeg, ok
train_ok_2773.jpeg, ok
train_ok_2774.jpeg, ok
train_ok_2775.jpeg, ok
train_ok_2776.jpeg, ok
train_ok_2777.jpeg, ok
train_ok_2778.jpeg, ok
train_ok_2779.jpeg, ok
train_ok_2780.jpeg, ok
train_ok_2781.jpeg, ok
train_ok_2782.jpeg, ok
train_ok_2783.jpeg, ok
train_ok_2784.jpeg, ok
train_ok_2785.jpeg, ok
train_ok_2786.jpeg, ok
train_ok_2787.jpeg, ok
train_ok_2788.jpeg, ok
train_ok_2789.jpeg, ok
train_ok_2790.jpeg, ok
train_ok_2791.jpeg, ok
train_ok_2792.jpeg, ok
train_ok_2793.jpeg, ok
train_ok_2794.jpeg, ok
train_ok_2795.jpeg, ok
train_ok_2796.jpeg, ok
train_ok_2797.jpeg, ok
train_ok_2798.jpeg, ok
train_ok_2799.jpeg, ok
train_ok_2800.jpeg, ok
train_ok_2801.jpeg, ok
train_ok_2802.jpeg, ok
train_ok_2803.jpeg, ok
train_ok_2804.jpeg, ok
train_ok_2805.jpeg, ok
train_ok_2806.jpeg, ok
train_ok_2807.jpeg, ok
train_ok_2808.jpeg, ok
train_ok_2809.jpeg, ok
train_ok_2810.jpeg, ok
train_ok_2811.jpeg, ok
train_ok_2812.jpeg, ok
train_ok_2813.jpeg, ok
train_ok_2814.jpeg, ok
train_ok_2815.jpeg, ok
train_ok_2816.jpeg, ok
train_ok_2817.jpeg, ok
train_ok_2818.jpeg, ok
train_ok_2819.jpeg, ok
train_ok_2820.jpeg, ok
train_ok_2821.jpeg, ok
train_ok_2822.jpeg, ok
train_ok_2823.jpeg, ok
train_ok_2824.jpeg, ok
train_ok_2825.jpeg, ok
train_ok_2826.jpeg, ok
train_ok_2827.jpeg, ok
train_ok_2828.jpeg, ok
train_ok_2829.jpeg, ok
train_ok_2830.jpeg, ok
train_ok_2831.jpeg, ok
train_ok_2832.jpeg, ok
train_ok_2833.jpeg, ok
train_ok_2834.jpeg, ok
train_ok_2835.jpeg, ok
train_ok_2836.jpeg, ok
train_ok_2837.jpeg, ok
train_ok_2838.jpeg, ok
train_ok_2839.jpeg, ok
train_ok_2840.jpeg, ok
train_ok_2841.jpeg, ok
train_ok_2842.jpeg, ok
train_ok_2843.jpeg, ok
train_ok_2844.jpeg, ok
train_ok_2845.jpeg, ok
train_ok_2846.jpeg, ok
train_ok_2847.jpeg, ok
train_ok_2848.jpeg, ok
train_ok_2849.jpeg, ok
train_ok_2850.jpeg, ok
train_ok_2851.jpeg, ok
train_ok_2852.jpeg, ok
train_ok_2853.jpeg, ok
train_ok_2854.jpeg, ok
train_ok_2855.jpeg, ok
train_ok_2856.jpeg, ok
train_ok_2857.jpeg, ok
train_ok_2858.jpeg, ok
train_ok_2859.jpeg, ok
train_ok_2860.jpeg, ok
train_ok_2861.jpeg, ok
train_ok_2862.jpeg, ok
train_ok_2863.jpeg, ok
train_ok_2864.jpeg, ok
train_ok_2865.jpeg, ok
train_ok_2866.jpeg, ok
train_ok_2867.jpeg, ok
train_ok_2868.jpeg, ok
train_ok_2869.jpeg, ok
train_ok_2870.jpeg, ok
train_ok_2871.jpeg, ok
train_ok_2872.jpeg, ok
train_ok_2873.jpeg, ok
train_ok_2874.jpeg, ok
